island,site,lizard_id,otu,n
Aspronisi,ASPRO,ASPRO-524-01,coleoptera,1
Aspronisi,ASPRO,ASPRO-524-01,hymenoptera,1
Aspronisi,ASPRO,ASPRO-524-06,hymenoptera,1
Aspronisi,ASPRO,ASPRO-524-06,araneae,1
Aspronisi,ASPRO,ASPRO-524-06,juniper_berry,1
Aspronisi,ASPRO,ASPRO-524-8,coleoptera,4
Aspronisi,ASPRO,ASPRO-524-8,diptera,1
Aspronisi,ASPRO,ASPRO-524-8,hemiptera,2
Aspronisi,ASPRO,ASPRO-524-8,hymenoptera,1
Aspronisi,ASPRO,ASPRO-524-8,coleoptera_larvae,2
Aspronisi,ASPRO,ASPRO-524-8,araneae,1
Aspronisi,ASPRO,ASPRO-524-9-a,hemiptera,2
Aspronisi,ASPRO,ASPRO-524-9-a,hymenoptera,1
Aspronisi,ASPRO,ASPRO-524-9-a,coleoptera_larvae,1
Aspronisi,ASPRO,ASPRO-524-9-b,diptera,1
Aspronisi,ASPRO,ASPRO-524-9-b,hemiptera,5
Aspronisi,ASPRO,ASPRO-524-9-b,hymenoptera,8
Aspronisi,ASPRO,ASPRO-524-9-b,diptera_larvae,1
Aspronisi,ASPRO,ASPRO-524-9-b,isopoda,1
Aspronisi,ASPRO,ASPRO-524-9-b,pseudoscorpiones,1
Aspronisi,ASPRO,ASPRO-524-10,coleoptera,2
Aspronisi,ASPRO,ASPRO-524-10,hemiptera,1
Aspronisi,ASPRO,ASPRO-524-10,hymenoptera,2
Aspronisi,ASPRO,ASPRO-524-10,isopoda,1
Aspronisi,ASPRO,ASPRO-524-11,coleoptera,1
Aspronisi,ASPRO,ASPRO-524-11,hemiptera,9
Aspronisi,ASPRO,ASPRO-524-11,hymenoptera,2
Aspronisi,ASPRO,ASPRO-524-11,coleoptera_larvae,4
Aspronisi,ASPRO,ASPRO-524-11,stick,1
Aspronisi,ASPRO,ASPRO-524-20,hemiptera,1
Aspronisi,ASPRO,ASPRO-524-20,hymenoptera,2
Aspronisi,ASPRO,ASPRO-524-20,lepidoptera_larvae,1
Aspronisi,ASPRO,ASPRO-524-21,hymenoptera,1
Aspronisi,ASPRO,ASPRO-524-21,coleoptera_larvae,1
Aspronisi,ASPRO,ASPRO-524-21,lepidoptera_larvae,1
Aspronisi,ASPRO,ASPRO-524-22,coleoptera,3
Aspronisi,ASPRO,ASPRO-524-22,diptera,1
Aspronisi,ASPRO,ASPRO-524-22,hemiptera,1
Aspronisi,ASPRO,ASPRO-524-22,hymenoptera,3
Aspronisi,ASPRO,ASPRO-524-22,lepidoptera_larvae,1
Aspronisi,ASPRO,ASPRO-524-22,araneae,1
Aspronisi,ASPRO,ASPRO-524-22,isopoda,1
Aspronisi,ASPRO,ASPRO-524-23,hymenoptera,1
Aspronisi,ASPRO,ASPRO-524-23,coleoptera_larvae,1
Aspronisi,ASPRO,ASPRO-524-23,araneae,1
Aspronisi,ASPRO,ASPRO-524-24,diptera_larvae,4
Aspronisi,ASPRO,ASPRO-524-25,coleoptera,4
Aspronisi,ASPRO,ASPRO-524-25,hemiptera,1
Aspronisi,ASPRO,ASPRO-524-25,isopoda,2
Aspronisi,ASPRO,ASPRO-524-27,hymenoptera,2
Aspronisi,ASPRO,ASPRO-524-27,lepidoptera_larvae,2
Aspronisi,ASPRO,ASPRO-524-31,hymenoptera,1
Aspronisi,ASPRO,ASPRO-524-31,lepidoptera_larvae,5
Aspronisi,ASPRO,ASPRO-524-31,odonata_larvae,2
Aspronisi,ASPRO,ASPRO-524-31,araneae,1
Aspronisi,ASPRO,ASPRO-524-31,isopoda,1
Aspronisi,ASPRO,ASPRO-524-32,hemiptera,3
Aspronisi,ASPRO,ASPRO-524-32,coleoptera_larvae,2
Aspronisi,ASPRO,ASPRO-524-32,diptera_larvae,2
Aspronisi,ASPRO,ASPRO-524-40,coleoptera,2
Aspronisi,ASPRO,ASPRO-524-40,diptera_larvae,2
Aspronisi,ASPRO,ASPRO-524-A4,coleoptera,2
Aspronisi,ASPRO,ASPRO-524-A4,hymenoptera,4
Aspronisi,ASPRO,ASPRO-524-A4,coleoptera_larvae,3
Aspronisi,ASPRO,ASPRO-524-A4,lepidoptera_larvae,1
Aspronisi,ASPRO,ASPRO-524-A4,neuroptera_larvae,1
Aspronisi,ASPRO,ASPRO-524-A4,berry,1
Aspronisi,ASPRO,ASPRO-524-A7,coleoptera,1
Aspronisi,ASPRO,ASPRO-524-A7,hemiptera,5
Aspronisi,ASPRO,ASPRO-524-A7,coleoptera_larvae,1
Aspronisi,ASPRO,ASPRO-524-A7,araneae,1
Aspronisi,ASPRO,ASPRO-524-A7,isopoda,1
Aspronisi,ASPRO,ASPRO-524-A5-3,coleoptera,2
Aspronisi,ASPRO,ASPRO-524-A5-3,hemiptera,2
Aspronisi,ASPRO,ASPRO-524-A5-3,hymenoptera,1
Aspronisi,ASPRO,ASPRO-524-A5-3,coleoptera_larvae,5
Aspronisi,ASPRO,ASPRO-524-sigma,coleoptera,2
Aspronisi,ASPRO,ASPRO-524-sigma,diptera,1
Aspronisi,ASPRO,ASPRO-524-sigma,hymenoptera,4
Aspronisi,ASPRO,ASPRO-524-sigma,coleoptera_larvae,1
Aspronisi,ASPRO,ASPRO-524-sigma,acari,1
Naxos,EMONI,EMONI-516-03,coleoptera,1
Naxos,EMONI,EMONI-516-03,hymenoptera,1
Naxos,EMONI,EMONI-516-03,araneae,1
Naxos,EMONI,EMONI-516-06,coleoptera,1
Naxos,EMONI,EMONI-516-06,hemiptera,1
Naxos,EMONI,EMONI-516-06,hymenoptera,7
Naxos,EMONI,EMONI-516-06,lepidoptera_larvae,1
Naxos,EMONI,EMONI-516-06,araneae,2
Naxos,EMONI,EMONI-516-07,coleoptera,2
Naxos,EMONI,EMONI-516-07,hymenoptera,8
Naxos,EMONI,EMONI-516-09,hemiptera,2
Naxos,EMONI,EMONI-516-09,hymenoptera,3
Naxos,EMONI,EMONI-516-09,araneae,4
Naxos,EMONI,EMONI-516-14,coleoptera,4
Naxos,EMONI,EMONI-516-14,hymenoptera,3
Naxos,EMONI,EMONI-516-14,lepidoptera_larvae,1
Naxos,EMONI,EMONI-516-14,araneae,1
Naxos,EMONI,EMONI-516-15,lepidoptera_larvae,1
Naxos,EMONI,EMONI-516-17-a,coleoptera,1
Naxos,EMONI,EMONI-516-17-a,hymenoptera,1
Naxos,EMONI,EMONI-516-17-a,coleoptera_larvae,1
Naxos,EMONI,EMONI-516-17-a,acari,1
Naxos,EMONI,EMONI-516-17-b,hemiptera,1
Naxos,EMONI,EMONI-516-17-b,hymenoptera,1
Naxos,EMONI,EMONI-516-17-b,lepidoptera_larvae,1
Naxos,EMONI,EMONI-516-17-b,araneae,1
Naxos,EMONI,EMONI-516-20,coleoptera,2
Naxos,EMONI,EMONI-516-20,hymenoptera,2
Naxos,EMONI,EMONI-516-20,acari,4
Naxos,EMONI,EMONI-516-22,coleoptera,1
Naxos,EMONI,EMONI-516-22,araneae,1
Naxos,EMONI,EMONI-516-22,gastropoda,1
Naxos,EMONI,EMONI-516-23,coleoptera,1
Naxos,EMONI,EMONI-516-23,diptera,1
Naxos,EMONI,EMONI-516-23,hemiptera,1
Naxos,EMONI,EMONI-516-23,araneae,1
Naxos,EMONI,EMONI-516-25,orthoptera,1
Naxos,EMONI,EMONI-516-26,hemiptera,1
Naxos,EMONI,EMONI-516-26,hymenoptera,6
Naxos,EMONI,EMONI-516-26,lepidoptera_larvae,1
Naxos,EMONI,EMONI-516-26,araneae,1
Naxos,EMONI,EMONI-516-26,gastropoda,1
Naxos,EMONI,EMONI-516-26,stick,2
Naxos,EMONI,EMONI-516-29,coleoptera,3
Naxos,EMONI,EMONI-516-29,hemiptera,2
Naxos,EMONI,EMONI-516-29,hymenoptera,3
Naxos,EMONI,EMONI-516-29,coleoptera_larvae,1
Naxos,EMONI,EMONI-516-29,lepidoptera_larvae,1
Naxos,EMONI,EMONI-516-29,neuroptera_larvae,1
Naxos,EMONI,EMONI-516-29,acari,3
Naxos,EMONI,EMONI-516-29,araneae,3
Schoinoussa,SCHOINOUSSA,SCHOI-613-07,coleoptera,7
Schoinoussa,SCHOINOUSSA,SCHOI-613-23,coleoptera,3
Schoinoussa,SCHOINOUSSA,SCHOI-613-23,isoptera,1
Schoinoussa,SCHOINOUSSA,SCHOI-613-23,araneae,2
Schoinoussa,SCHOINOUSSA,SCHOI-613-17,coleoptera,3
Schoinoussa,SCHOINOUSSA,SCHOI-613-17,hymenoptera,2
Schoinoussa,SCHOINOUSSA,SCHOI-613-09,coleoptera,1
Schoinoussa,SCHOINOUSSA,SCHOI-613-09,hymenoptera,4
Schoinoussa,SCHOINOUSSA,SCHOI-613-09,orthoptera,1
Schoinoussa,SCHOINOUSSA,SCHOI-613-11,hymenoptera,6
Schoinoussa,SCHOINOUSSA,SCHOI-613-11,araneae,2
Schoinoussa,SCHOINOUSSA,SCHOI-613-11,gastropoda,1
Schoinoussa,SCHOINOUSSA,SCHOI-613-14,coleoptera,2
Schoinoussa,SCHOINOUSSA,SCHOI-613-14,hemiptera,2
Schoinoussa,SCHOINOUSSA,SCHOI-613-14,araneae,2
Schoinoussa,SCHOINOUSSA,SCHOI-613-14,diplopoda,1
Schoinoussa,SCHOINOUSSA,SCHOI-613-15,coleoptera,6
Schoinoussa,SCHOINOUSSA,SCHOI-613-15,hemiptera,2
Schoinoussa,SCHOINOUSSA,SCHOI-613-15,gastropoda,1
Schoinoussa,SCHOINOUSSA,SCHOI-613-13,coleoptera,10
Schoinoussa,SCHOINOUSSA,SCHOI-613-13,hemiptera,1
Schoinoussa,SCHOINOUSSA,SCHOI-613-13,pseudoscorpiones,1
Schoinoussa,SCHOINOUSSA,SCHOI-613-22,coleoptera,2
Schoinoussa,SCHOINOUSSA,SCHOI-613-22,araneae,1
Schoinoussa,SCHOINOUSSA,SCHOI-613-20,coleoptera,18
Schoinoussa,SCHOINOUSSA,SCHOI-613-20,hymenoptera,1
Schoinoussa,SCHOINOUSSA,SCHOI-613-20,diptera_larvae,1
Schoinoussa,SCHOINOUSSA,SCHOI-613-20,araneae,1
Schoinoussa,SCHOINOUSSA,SCHOI-613-19,coleoptera,2
Schoinoussa,SCHOINOUSSA,SCHOI-613-12,coleoptera,4
Schoinoussa,SCHOINOUSSA,SCHOI-613-12,hemiptera,1
Schoinoussa,SCHOINOUSSA,SCHOI-613-12,coleoptera_larvae,1
Schoinoussa,SCHOINOUSSA,SCHOI-613-10,coleoptera,1
Schoinoussa,SCHOINOUSSA,SCHOI-613-10,hemiptera,2
Schoinoussa,SCHOINOUSSA,SCHOI-613-10,hymenoptera,2
Schoinoussa,SCHOINOUSSA,SCHOI-613-10,araneae,1
Schoinoussa,SCHOINOUSSA,SCHOI-613-21,coleoptera,5
Schoinoussa,SCHOINOUSSA,SCHOI-613-21,hemiptera,1
Schoinoussa,SCHOINOUSSA,SCHOI-613-16,coleoptera,2
Fidoussa,FIDOUSSA,FID-613-10,coleoptera,1
Fidoussa,FIDOUSSA,FID-613-10,orthoptera,1
Fidoussa,FIDOUSSA,Fid-613-06,coleoptera,1
Fidoussa,FIDOUSSA,Fid-613-06,hymenoptera,3
Fidoussa,FIDOUSSA,FID-613-11,hymenoptera,1
Fidoussa,FIDOUSSA,FID-613-26,coleoptera,1
Fidoussa,FIDOUSSA,FID-613-26,hemiptera,2
Fidoussa,FIDOUSSA,FID-613-26,hymenoptera,1
Fidoussa,FIDOUSSA,FID-613-26,araneae,1
Fidoussa,FIDOUSSA,FID-613-18,hymenoptera,1
Fidoussa,FIDOUSSA,FID-613-29,orthoptera,1
Fidoussa,FIDOUSSA,FID-613-13,coleoptera,1
Fidoussa,FIDOUSSA,FID-613-13,orthoptera,1
Fidoussa,FIDOUSSA,FID-613-23,diptera,1
Fidoussa,FIDOUSSA,FID-613-23,hymenoptera,1
Fidoussa,FIDOUSSA,FID-613-23,araneae,1
Fidoussa,FIDOUSSA,FID-613-19,coleoptera,1
Fidoussa,FIDOUSSA,FID-613-19,diptera,1
Fidoussa,FIDOUSSA,FID-613-19,hymenoptera,1
Fidoussa,FIDOUSSA,FID-613-17,coleoptera,1
Fidoussa,FIDOUSSA,FID-613-17,hemiptera,1
Fidoussa,FIDOUSSA,FID-613-17,orthoptera,1
Fidoussa,FIDOUSSA,FID-613-33,hemiptera,1
Fidoussa,FIDOUSSA,FID-613-22,orthoptera,1
Fidoussa,FIDOUSSA,FID-613-32,coleoptera,3
Fidoussa,FIDOUSSA,FID-613-32,hymenoptera,1
Fidoussa,FIDOUSSA,FID-613-24,coleoptera,2
Fidoussa,FIDOUSSA,FID-613-24,hymenoptera,1
Fidoussa,FIDOUSSA,FID-613-24,diptera_larvae,1
Fidoussa,FIDOUSSA,FID-613-31,hymenoptera,1
Fidoussa,FIDOUSSA,FID-613-15,hymenoptera,1
Fidoussa,FIDOUSSA,FID-613-15,gastropoda,1
Irakleia,IRAKLEIA,IRA-614-01,orthoptera,1
Irakleia,IRAKLEIA,IRA-614-01,gastropoda,1
Irakleia,IRAKLEIA,IRA-614-06,hymenoptera,1
Irakleia,IRAKLEIA,IRA-614-06,orthoptera,1
Irakleia,IRAKLEIA,IRA-614-06,araneae,1
Irakleia,IRAKLEIA,IRA-614-06,leaf,1
Irakleia,IRAKLEIA,IRA-614-07,hymenoptera,1
Irakleia,IRAKLEIA,IRA-614-08,hemiptera,1
Irakleia,IRAKLEIA,IRA-614-08,hymenoptera,2
Irakleia,IRAKLEIA,IRA-614-04,hemiptera,1
Irakleia,IRAKLEIA,IRA-614-04,hymenoptera,1
Irakleia,IRAKLEIA,IRA-614-04,orthoptera,1
Irakleia,IRAKLEIA,IRA-614-09,hemiptera,2
Irakleia,IRAKLEIA,IRA-614-09,araneae,1
Irakleia,IRAKLEIA,IRA-614-09,leaf,2
Irakleia,IRAKLEIA,IRA-614-10,hymenoptera,3
Irakleia,IRAKLEIA,IRA-614-10,orthoptera,1
Irakleia,IRAKLEIA,IRA-614-10,lepidoptera_larvae,1
Irakleia,IRAKLEIA,IRA-614-10,araneae,1
Irakleia,IRAKLEIA,IRA-614-16-a,coleoptera,1
Irakleia,IRAKLEIA,IRA-614-16-a,hemiptera,3
Irakleia,IRAKLEIA,IRA-614-16-a,hymenoptera,2
Irakleia,IRAKLEIA,IRA-614-16-a,lepidoptera_larvae,2
Irakleia,IRAKLEIA,IRA-614-16-a,araneae,1
Irakleia,IRAKLEIA,IRA-614-13,hemiptera,2
Irakleia,IRAKLEIA,IRA-614-13,lepidoptera,13
Irakleia,IRAKLEIA,IRA-614-14,hemiptera,1
Irakleia,IRAKLEIA,IRA-614-14,hymenoptera,1
Irakleia,IRAKLEIA,IRA-614-14,araneae,1
Irakleia,IRAKLEIA,IRA-614-15,coleoptera,2
Irakleia,IRAKLEIA,IRA-614-15,hemiptera,4
Irakleia,IRAKLEIA,IRA-614-15,hymenoptera,2
Irakleia,IRAKLEIA,IRA-614-15,lepidoptera,3
Irakleia,IRAKLEIA,IRA-614-15,gastropoda,1
Irakleia,IRAKLEIA,IRA-614-16-b,hymenoptera,2
Irakleia,IRAKLEIA,IRA-614-16-b,araneae,1
Irakleia,IRAKLEIA,IRA-614-17,coleoptera,2
Irakleia,IRAKLEIA,IRA-614-17,hymenoptera,2
Irakleia,IRAKLEIA,IRA-614-17,lepidoptera_larvae,1
Irakleia,IRAKLEIA,IRA-614-17,araneae,1
Irakleia,IRAKLEIA,IRA-614-03,hemiptera,1
Irakleia,IRAKLEIA,IRA-614-03,hymenoptera,2
Irakleia,IRAKLEIA,IRA-614-05,hemiptera,1
Irakleia,IRAKLEIA,IRA-614-05,hymenoptera,1
Parthenos,PARTHENOS,PAR-617-03,coleoptera,3
Parthenos,PARTHENOS,PAR-617-03,hymenoptera,1
Parthenos,PARTHENOS,PAR-617-09,coleoptera,11
Parthenos,PARTHENOS,PAR-617-09,hemiptera,1
Parthenos,PARTHENOS,PAR-617-09,hymenoptera,3
Parthenos,PARTHENOS,PAR-617-09,diptera_larvae,2
Parthenos,PARTHENOS,PAR-617-09,araneae,1
Parthenos,PARTHENOS,PAR-617-09,gastropoda,1
Parthenos,PARTHENOS,PAR-617-06,hemiptera,2
Parthenos,PARTHENOS,PAR-617-06,hymenoptera,2
Parthenos,PARTHENOS,PAR-617-06,araneae,1
Parthenos,PARTHENOS,PAR-617-01,coleoptera,3
Parthenos,PARTHENOS,PAR-617-01,hemiptera,1
Parthenos,PARTHENOS,PAR-617-01,hymenoptera,3
Parthenos,PARTHENOS,PAR-617-01,coleoptera_larvae,2
Parthenos,PARTHENOS,PAR-617-01,gastropoda,2
Parthenos,PARTHENOS,PAR-617-13,hemiptera,2
Parthenos,PARTHENOS,PAR-617-13,hymenoptera,1
Parthenos,PARTHENOS,PAR-617-13,isopoda,1
Parthenos,PARTHENOS,PAR-617-10,coleoptera,1
Parthenos,PARTHENOS,PAR-617-10,hymenoptera,1
Parthenos,PARTHENOS,PAR-617-10,coleoptera_larvae,1
Parthenos,PARTHENOS,PAR-617-19,diptera,2
Parthenos,PARTHENOS,PAR-617-19,hemiptera,2
Parthenos,PARTHENOS,PAR-617-19,hymenoptera,2
Parthenos,PARTHENOS,PAR-617-19,gastropoda,3
Parthenos,PARTHENOS,PAR-617-18,hymenoptera,3
Parthenos,PARTHENOS,PAR-617-18,gastropoda,2
Parthenos,PARTHENOS,PAR-617-12,hemiptera,2
Parthenos,PARTHENOS,PAR-617-15,coleoptera,3
Parthenos,PARTHENOS,PAR-617-15,hemiptera,1
Parthenos,PARTHENOS,PAR-617-15,hymenoptera,1
Parthenos,PARTHENOS,PAR-617-15,coleoptera_larvae,1
Parthenos,PARTHENOS,PAR-617-11,hymenoptera,1
Parthenos,PARTHENOS,PAR-617-20,hemiptera,1
Parthenos,PARTHENOS,PAR-617-20,hymenoptera,9
Parthenos,PARTHENOS,PAR-617-20,coleoptera_larvae,1
Parthenos,PARTHENOS,PAR-617-20,diptera_larvae,1
Parthenos,PARTHENOS,PAR-617-20,gastropoda,1
Parthenos,PARTHENOS,PAR-617-14,coleoptera,2
Parthenos,PARTHENOS,PAR-617-31,coleoptera,1
Parthenos,PARTHENOS,PAR-617-31,hemiptera,1
Parthenos,PARTHENOS,PAR-617-31,hymenoptera,7
Parthenos,PARTHENOS,PAR-617-31,coleoptera_larvae,2
Parthenos,PARTHENOS,PAR-617-31,gastropoda,1
Parthenos,PARTHENOS,PAR-617-26,coleoptera,1
Parthenos,PARTHENOS,PAR-617-26,diptera,1
Parthenos,PARTHENOS,PAR-617-26,hemiptera,38
Parthenos,PARTHENOS,PAR-617-26,diptera_larvae,1
Parthenos,PARTHENOS,PAR-617-26,lizard,1
Parthenos,PARTHENOS,PAR-617-29,coleoptera,2
Parthenos,PARTHENOS,PAR-617-29,hemiptera,1
Parthenos,PARTHENOS,PAR-617-29,araneae,1
Parthenos,PARTHENOS,PAR-617-27,coleoptera,1
Parthenos,PARTHENOS,PAR-617-27,hymenoptera,1
Parthenos,PARTHENOS,PAR-617-27,diptera_larvae,1
Parthenos,PARTHENOS,PAR-617-05,hymenoptera,11
Parthenos,PARTHENOS,PAR-617-17,coleoptera,2
Parthenos,PARTHENOS,PAR-617-17,hemiptera,3
Parthenos,PARTHENOS,PAR-617-17,hymenoptera,1
Parthenos,PARTHENOS,PAR-617-17,coleoptera_larvae,2
Parthenos,PARTHENOS,PAR-617-17,araneae,1
Parthenos,PARTHENOS,PAR-617-04,coleoptera,3
Parthenos,PARTHENOS,PAR-617-04,hymenoptera,7
Parthenos,PARTHENOS,PAR-617-04,coleoptera_larvae,2
Parthenos,PARTHENOS,PAR-617-04,diptera_larvae,4
Parthenos,PARTHENOS,PAR-617-04,lepidoptera_larvae,1
Parthenos,PARTHENOS,PAR-617-30,coleoptera,1
Parthenos,PARTHENOS,PAR-617-30,hymenoptera,4
Parthenos,PARTHENOS,PAR-617-30,coleoptera_larvae,4
Parthenos,PARTHENOS,PAR-617-30,araneae,1
Parthenos,PARTHENOS,PAR-617-16,hymenoptera,3
Parthenos,PARTHENOS,PAR-617-16,coleoptera_larvae,2
Parthenos,PARTHENOS,PAR-617-16,araneae,2
Parthenos,PARTHENOS,PAR-617-16,berry,1
Parthenos,PARTHENOS,PAR-617-23,coleoptera,3
Parthenos,PARTHENOS,PAR-617-23,hymenoptera,3
Parthenos,PARTHENOS,PAR-617-21,hemiptera,3
Parthenos,PARTHENOS,PAR-617-21,hymenoptera,4
Parthenos,PARTHENOS,PAR-617-21,diptera_larvae,1
Parthenos,PARTHENOS,PAR-617-21,araneae,1
Parthenos,PARTHENOS,PAR-617-33,coleoptera,5
Parthenos,PARTHENOS,PAR-617-33,hymenoptera,8
Parthenos,PARTHENOS,PAR-617-33,araneae,1
Parthenos,PARTHENOS,PAR-617-25,coleoptera,1
Parthenos,PARTHENOS,PAR-617-25,hemiptera,3
Parthenos,PARTHENOS,PAR-617-25,hymenoptera,1
Parthenos,PARTHENOS,PAR-617-25,diptera_larvae,1
Parthenos,PARTHENOS,PAR-617-25,gastropoda,1
Naxos,SMONI,SMONI-522-01,coleoptera,1
Naxos,SMONI,SMONI-522-01,araneae,1
Naxos,SMONI,SMONI-522-17,coleoptera,2
Naxos,SMONI,SMONI-522-17,hymenoptera,1
Naxos,SMONI,SMONI-522-17,isopoda,1
Naxos,SMONI,SMONI-522-35,coleoptera,1
Naxos,SMONI,SMONI-522-35,hymenoptera,1
Naxos,SMONI,SMONI-522-33,hemiptera,2
Naxos,SMONI,SMONI-522-33,araneae,1
Naxos,SMONI,SMONI-522-03,coleoptera,1
Naxos,SMONI,SMONI-522-03,hymenoptera,1
Kisiri,KISIRI,KIS-609-23,hemiptera,20
Kisiri,KISIRI,KIS-609-23,hymenoptera,1
Kisiri,KISIRI,KIS-609-23,lepidoptera_larvae,1
Kisiri,KISIRI,KIS-609-23,araneae,1
Kisiri,KISIRI,KIS-609-11,hemiptera,4
Kisiri,KISIRI,KIS-609-05,coleoptera,1
Kisiri,KISIRI,KIS-609-05,hemiptera,3
Kisiri,KISIRI,KIS-609-05,stick,1
Kisiri,KISIRI,KIS-609-12,hemiptera,5
Kisiri,KISIRI,KIS-609-12,hymenoptera,1
Kisiri,KISIRI,KIS-609-12,stick,1
Kisiri,KISIRI,KIS-609-04,hemiptera,1
Kisiri,KISIRI,KIS-609-08,coleoptera,1
Kisiri,KISIRI,KIS-609-08,stick,1
Kisiri,KISIRI,KIS-609-07,diptera,2
Kisiri,KISIRI,KIS-609-10,diptera,1
Kisiri,KISIRI,KIS-609-10,hemiptera,4
Kisiri,KISIRI,KIS-609-10,insect_egg,1
Kisiri,KISIRI,KIS-609-21,coleoptera,2
Kisiri,KISIRI,KIS-609-21,diptera,2
Kisiri,KISIRI,KIS-609-21,hemiptera,15
Kisiri,KISIRI,KIS-609-21,hymenoptera,2
Kisiri,KISIRI,KIS-609-21,lepidoptera,1
Kisiri,KISIRI,KIS-609-21,araneae,2
Kisiri,KISIRI,KIS-609-09,coleoptera_larvae,1
Kisiri,KISIRI,KIS-609-01,hemiptera,2
Kisiri,KISIRI,KIS-609-01,isopoda,1
Kisiri,KISIRI,KIS-609-02,diptera,1
Kisiri,KISIRI,KIS-609-02,hemiptera,2
Kisiri,KISIRI,KIS-609-02,leaf,1
Kisiri,KISIRI,KIS-609-19,embioptera,1
Kisiri,KISIRI,KIS-609-19,hemiptera,9
Kisiri,KISIRI,KIS-609-19,hymenoptera,1
Kisiri,KISIRI,KIS-609-19,psocoptera,1
Kisiri,KISIRI,KIS-609-19,araneae,2
Kisiri,KISIRI,KIS-609-19,gastropoda,1
Kisiri,KISIRI,KIS-609-17,coleoptera,1
Kisiri,KISIRI,KIS-609-17,insect_egg,1
Kisiri,KISIRI,KIS-609-17,araneae,1
Kisiri,KISIRI,KIS-609-03,hemiptera,3
Kisiri,KISIRI,KIS-609-03,leaf,1
Kisiri,KISIRI,KIS-609-06,coleoptera,1
Kisiri,KISIRI,KIS-609-06,diptera,9
Kisiri,KISIRI,KIS-609-18,coleoptera,1
Kisiri,KISIRI,KIS-609-18,diptera,2
Kisiri,KISIRI,KIS-609-18,embioptera,1
Kisiri,KISIRI,KIS-609-18,hymenoptera,1
Kisiri,KISIRI,KIS-609-18,coleoptera_larvae,6
Kisiri,KISIRI,KIS-609-24,blattodea,1
Kisiri,KISIRI,KIS-609-24,coleoptera,1
Kisiri,KISIRI,KIS-609-24,diptera,10
Kisiri,KISIRI,KIS-609-24,hymenoptera,1
Kisiri,KISIRI,KIS-609-24,coleoptera_larvae,1
Kisiri,KISIRI,KIS-609-24,araneae,1
Kisiri,KISIRI,KIS-609-22,diptera,4
Naxos,NALYKO,NALYKO-601-01,blattodea,1
Naxos,NALYKO,NALYKO-601-01,coleoptera,2
Naxos,NALYKO,NALYKO-601-01,araneae,1
Naxos,NALYKO,NALYKO-601-06,coleoptera,2
Naxos,NALYKO,NALYKO-601-06,coleoptera_larvae,1
Naxos,NALYKO,NALYKO-601-06,araneae,1
Naxos,NALYKO,NALYKO-601-06,pseudoscorpiones,1
Naxos,NALYKO,NALYKO-601-06,sand,1
Naxos,NALYKO,NALYKO-601-07,blattodea,1
Naxos,NALYKO,NALYKO-601-07,lepidoptera_larvae,1
Naxos,NALYKO,NALYKO-601-04,coleoptera,1
Naxos,NALYKO,NALYKO-601-04,lepidoptera_larvae,1
Naxos,NALYKO,NALYKO-601-05,odonata,1
Naxos,NALYKO,NALYKO-601-05,araneae,1
Naxos,NALYKO,NALYKO-601-05,sand,1
Naxos,NALYKO,NALYKO-601-02,blattodea,1
Naxos,NALYKO,NALYKO-601-02,leaf,1
Naxos,NALYKO,NALYKO-601-02,sand,1
Naxos,MALYKO,MALYKO-602-17,hymenoptera,5
Naxos,MALYKO,MALYKO-602-17,orthoptera,1
Naxos,MALYKO,MALYKO-602-17,araneae,2
Naxos,MALYKO,MALYKO-602-17,isopoda,1
Naxos,MALYKO,MALYKO-602-17,gastropoda,1
Naxos,MALYKO,MALYKO-602-17,leaf,1
Naxos,MALYKO,MALYKO-602-17,stick,1
Naxos,MALYKO,MALYKO-602-11,araneae,1
Naxos,MALYKO,MALYKO-602-21,pseudoscorpiones,1
Naxos,MALYKO,MALYKO-602-20,hemiptera,9
Naxos,MALYKO,MALYKO-602-20,hymenoptera,1
Naxos,MALYKO,MALYKO-602-20,seed_pod,1
Naxos,MALYKO,MALYKO-602-K2,diptera,1
Naxos,MALYKO,MALYKO-602-K2,hymenoptera,3
Naxos,MALYKO,MALYKO-602-02,coleoptera,1
Naxos,MALYKO,MALYKO-602-02,hemiptera,1
Naxos,MALYKO,MALYKO-602-02,orthoptera,1
Naxos,MALYKO,MALYKO-602-02,thysanura,1
Naxos,MALYKO,MALYKO-602-02,coleoptera_larvae,2
Naxos,MALYKO,MALYKO-602-02,lepidoptera_larvae,1
Naxos,MALYKO,MALYKO-602-02,acari,4
Naxos,MALYKO,MALYKO-602-02,leaf,1
Naxos,MALYKO,MALYKO-602-07,coleoptera,1
Naxos,MALYKO,MALYKO-602-07,sand,1
Naxos,MALYKO,MALYKO-602-10,thysanura,1
Naxos,MALYKO,MALYKO-602-10,berry,5
Naxos,MALYKO,MALYKO-602-10,flower_parts,1
Naxos,MALYKO,MALYKO-602-09,hymenoptera,1
Naxos,MALYKO,MALYKO-602-12,coleoptera,4
Naxos,MALYKO,MALYKO-602-12,hymenoptera,1
Naxos,MALYKO,MALYKO-602-12,berry,1
Naxos,MALYKO,MALYKO-602-15,coleoptera,1
Amorgos,AMORGOS,AMORGOS-609-10,coleoptera,1
Amorgos,AMORGOS,AMORGOS-609-10,seed,1
Amorgos,AMORGOS,AMORGOS-609-01,coleoptera,9
Amorgos,AMORGOS,AMORGOS-609-01,hemiptera,2
Amorgos,AMORGOS,AMORGOS-609-01,gastropoda,1
Amorgos,AMORGOS,AMORGOS-609-27,coleoptera,1
Amorgos,AMORGOS,AMORGOS-609-27,hymenoptera,1
Amorgos,AMORGOS,AMORGOS-609-27,araneae,1
Amorgos,AMORGOS,AMORGOS-609-14,orthoptera,1
Ios,IOS,IOS-604-12,araneae,1
Ios,IOS,IOS-604-12,gastropoda,1
Ios,IOS,IOS-604-12,stick,1
Ios,IOS,IOS-604-31,coleoptera,2
Ios,IOS,IOS-604-31,hemiptera,1
Ios,IOS,IOS-604-31,araneae,1
Ios,IOS,IOS-604-20,araneae,1
Ios,IOS,IOS-604-16,araneae,1
Ios,IOS,IOS-604-07,coleoptera,2
Ios,IOS,IOS-604-03,hymenoptera,3
Ios,IOS,IOS-604-03,araneae,6
Ios,IOS,IOS-604-03,gastropoda,1
Ios,IOS,IOS-604-25,coleoptera,1
Ios,IOS,IOS-604-25,coleoptera_larvae,2
Ios,IOS,IOS-604-25,araneae,1
Ios,IOS,IOS-604-09,orthoptera,1
Ios,IOS,IOS-604-14,coleoptera,3
Ios,IOS,IOS-604-14,hymenoptera,6
Ios,IOS,IOS-604-14,lepidoptera_larvae,1
Ios,IOS,IOS-604-05,diptera,1
Ios,IOS,IOS-604-05,orthoptera,1
Ios,IOS,IOS-604-05,araneae,2
Ios,IOS,IOS-604-05,gastropoda,1
Ios,IOS,IOS-604-08,hemiptera,1
Ios,IOS,IOS-604-08,hymenoptera,3
Ios,IOS,IOS-604-08,araneae,1
Ios,IOS,IOS-604-08,isopoda,2
Ios,IOS,IOS-604-08,gastropoda,1
Ios,IOS,IOS-604-15,coleoptera,1
Ios,IOS,IOS-604-15,gastropoda,1
Ios,IOS,IOS-604-04,coleoptera,1
Ios,IOS,IOS-604-04,orthoptera,1
Ios,IOS,IOS-604-04,gastropoda,1
Ios,IOS,IOS-604-27,coleoptera,1
Ios,IOS,IOS-604-27,hemiptera,1
Ios,IOS,IOS-604-27,hymenoptera,1
Ios,IOS,IOS-604-28,lepidoptera_larvae,1
Ios,IOS,IOS-604-28,isopoda,1
Ios,IOS,IOS-604-28,gastropoda,1
Ios,IOS,IOS-604-28,seed,1
Ios,IOS,IOS-604-01,coleoptera,1
Ios,IOS,IOS-604-01,hemiptera,1
Ios,IOS,IOS-604-01,orthoptera,1
Ios,IOS,IOS-604-01,berry,1
Ios,IOS,IOS-604-11,coleoptera,1
Ios,IOS,IOS-604-11,hymenoptera,3
Ios,IOS,IOS-604-11,araneae,2
Ios,IOS,IOS-604-11,isopoda,1
Ios,IOS,IOS-604-35,hemiptera,3
Ios,IOS,IOS-604-35,acari,1
Ios,IOS,IOS-604-35,araneae,1
Ios,IOS,IOS-604-35,gastropoda,1
Ios,IOS,IOS-604-02,coleoptera,2
Ios,IOS,IOS-604-02,hymenoptera,1
Ios,IOS,IOS-604-02,orthoptera,1
Ios,IOS,IOS-604-02,lepidoptera_larvae,2
Ios,IOS,IOS-604-02,araneae,1
Ios,IOS,IOS-604-22,coleoptera,3
Ios,IOS,IOS-604-22,hemiptera,3
Ios,IOS,IOS-604-22,araneae,1
Ios,IOS,IOS-604-22,gastropoda,1
Ios,IOS,IOS-604-?,coleoptera,3
Ios,IOS,IOS-604-?,hymenoptera,1
Ios,IOS,IOS-604-19,coleoptera,1
Ios,IOS,IOS-604-19,diptera,1
Ios,IOS,IOS-604-19,hymenoptera,1
Ios,IOS,IOS-604-19,lepidoptera_larvae,1
Ios,IOS,IOS-604-19,araneae,1
Ios,IOS,IOS-604-06,hemiptera,1
Ios,IOS,IOS-604-06,hymenoptera,2
Ios,IOS,IOS-604-06,araneae,2
Ios,IOS,IOS-604-32,coleoptera,5
Ios,IOS,IOS-604-36,berry,3
Ios,IOS,IOS-604-18,coleoptera,1
Ios,IOS,IOS-604-18,gastropoda,1
Ios,IOS,IOS-604-18,stick,1
Ios,IOS,IOS-604-24,hymenoptera,3
Ios,IOS,IOS-604-24,araneae,1
Ios,IOS,IOS-604-33,coleoptera,2
Ios,IOS,IOS-604-33,araneae,3
Ios,IOS,IOS-604-33,berry,1
Schoinoussa,SCHOINOUSSA,SCHOI-612-03,coleoptera,1
Schoinoussa,SCHOINOUSSA,SCHOI-612-05,coleoptera,1
Schoinoussa,SCHOINOUSSA,SCHOI-612-05,hemiptera,2
Schoinoussa,SCHOINOUSSA,SCHOI-612-06,hemiptera,1
Schoinoussa,SCHOINOUSSA,SCHOI-612-06,araneae,1
Schoinoussa,SCHOINOUSSA,SCHOI-612-04,coleoptera,11
Schoinoussa,SCHOINOUSSA,SCHOI-612-04,hymenoptera,1
Schoinoussa,SCHOINOUSSA,SCHOI-612-02,hymenoptera,2
Schoinoussa,SCHOINOUSSA,SCHOI-612-02,coleoptera_larvae,1
Schoinoussa,SCHOINOUSSA,SCHOI-612-02,araneae,1
Schoinoussa,SCHOINOUSSA,SCHOI-612-01,coleoptera,3
Schoinoussa,SCHOINOUSSA,SCHOI-612-01,hemiptera,1
Schoinoussa,SCHOINOUSSA,SCHOI-612-01,hymenoptera,1
Schoinoussa,SCHOINOUSSA,SCHOI-612-01,araneae,3
Nikouria,NIKOURIA,NIK-610-22,coleoptera,2
Nikouria,NIKOURIA,NIK-610-22,hemiptera,3
Nikouria,NIKOURIA,NIK-610-22,hymenoptera,1
Nikouria,NIKOURIA,NIK-610-25,blattodea,1
Nikouria,NIKOURIA,NIK-610-25,hemiptera,2
Nikouria,NIKOURIA,NIK-610-25,hymenoptera,2
Nikouria,NIKOURIA,NIK-610-25,flower_parts,1
Nikouria,NIKOURIA,NIK-610-17,coleoptera,1
Nikouria,NIKOURIA,NIK-610-17,hemiptera,2
Nikouria,NIKOURIA,NIK-610-10,hemiptera,1
Nikouria,NIKOURIA,NIK-610-20,hemiptera,3
Nikouria,NIKOURIA,NIK-610-20,leaf,1
Nikouria,NIKOURIA,NIK-610-15,coleoptera,4
Nikouria,NIKOURIA,NIK-610-15,hemiptera,1
Nikouria,NIKOURIA,NIK-610-15,hymenoptera,2
Nikouria,NIKOURIA,NIK-610-15,gastropoda,1
Nikouria,NIKOURIA,NIK-610-06,coleoptera,1
Nikouria,NIKOURIA,NIK-610-06,hymenoptera,23
Nikouria,NIKOURIA,NIK-610-06,coleoptera_larvae,1
Nikouria,NIKOURIA,NIK-610-06,neuroptera_larvae,1
Nikouria,NIKOURIA,NIK-610-06,araneae,1
Nikouria,NIKOURIA,NIK-610-21,coleoptera,3
Nikouria,NIKOURIA,NIK-610-21,hymenoptera,1
Nikouria,NIKOURIA,NIK-610-21,salt,1
Nikouria,NIKOURIA,NIK-610-24,hemiptera,1
Nikouria,NIKOURIA,NIK-610-24,hymenoptera,1
Nikouria,NIKOURIA,NIK-610-24,orthoptera,1
Nikouria,NIKOURIA,NIK-610-12,hemiptera,2
Nikouria,NIKOURIA,NIK-610-12,hymenoptera,10
Nikouria,NIKOURIA,NIK-610-12,stick,1
Nikouria,NIKOURIA,NIK-610-12,salt,1
Nikouria,NIKOURIA,NIK-610-13,hemiptera,1
Nikouria,NIKOURIA,NIK-610-13,hymenoptera,1
Nikouria,NIKOURIA,NIK-610-23,coleoptera,1
Nikouria,NIKOURIA,NIK-610-23,hemiptera,1
Nikouria,NIKOURIA,NIK-610-23,hymenoptera,1
Nikouria,NIKOURIA,NIK-610-23,flower_parts,1
Nikouria,NIKOURIA,NIK-610-09,coleoptera,1
Nikouria,NIKOURIA,NIK-610-09,hemiptera,3
Nikouria,NIKOURIA,NIK-610-09,hymenoptera,3
Nikouria,NIKOURIA,NIK-610-09,stick,1
Nikouria,NIKOURIA,NIK-610-19,coleoptera,1
Nikouria,NIKOURIA,NIK-610-19,hymenoptera,24
Nikouria,NIKOURIA,NIK-610-03,hymenoptera,5
Nikouria,NIKOURIA,NIK-610-03,orthoptera,1
Nikouria,NIKOURIA,NIK-610-03,araneae,1
Nikouria,NIKOURIA,NIK-610-11,coleoptera,4
Nikouria,NIKOURIA,NIK-610-11,embioptera,1
Nikouria,NIKOURIA,NIK-610-11,hemiptera,1
Nikouria,NIKOURIA,NIK-610-11,hymenoptera,3
Nikouria,NIKOURIA,NIK-610-11,lepidoptera_larvae,1
Nikouria,NIKOURIA,NIK-610-11,berry,1
Nikouria,NIKOURIA,NIK-610-07,orthoptera,1
Nikouria,NIKOURIA,NIK-610-08,embioptera,2
Nikouria,NIKOURIA,NIK-610-08,hemiptera,3
Nikouria,NIKOURIA,NIK-610-08,hymenoptera,1
Nikouria,NIKOURIA,NIK-610-14,hymenoptera,2
Nikouria,NIKOURIA,NIK-610-14,orthoptera,1
Nikouria,NIKOURIA,NIK-610-18,hymenoptera,1
Nikouria,NIKOURIA,NIK-610-02,hymenoptera,2
Nikouria,NIKOURIA,NIK-610-02,neuroptera_larvae,3
Nikouria,NIKOURIA,NIK-610-02,araneae,1
Nikouria,NIKOURIA,NIK-610-04,coleoptera,1
Nikouria,NIKOURIA,NIK-610-04,hymenoptera,2
Nikouria,NIKOURIA,NIK-610-04,orthoptera,1
Gramvoussa,GRAMVOUSSA,GRAM-609-07,hymenoptera,1
Gramvoussa,GRAMVOUSSA,GRAM-609-07,stick,1
Gramvoussa,GRAMVOUSSA,GRAM-609-10,coleoptera,3
Gramvoussa,GRAMVOUSSA,GRAM-609-10,gastropoda,1
Gramvoussa,GRAMVOUSSA,GRAM-609-10,leaf,1
Gramvoussa,GRAMVOUSSA,GRAM-609-15,hymenoptera,1
Gramvoussa,GRAMVOUSSA,GRAM-609-04,coleoptera,1
Gramvoussa,GRAMVOUSSA,GRAM-609-04,hemiptera,1
Gramvoussa,GRAMVOUSSA,GRAM-609-04,hymenoptera,1
Gramvoussa,GRAMVOUSSA,GRAM-609-09,hymenoptera,1
Gramvoussa,GRAMVOUSSA,GRAM-609-11,coleoptera,1
Gramvoussa,GRAMVOUSSA,GRAM-609-11,hymenoptera,1
Gramvoussa,GRAMVOUSSA,GRAM-609-02,hymenoptera,2
Gramvoussa,GRAMVOUSSA,GRAM-609-06,coleoptera,3
Gramvoussa,GRAMVOUSSA,GRAM-609-06,orthoptera,1
Gramvoussa,GRAMVOUSSA,GRAM-609-06,seed_pod,2
Gramvoussa,GRAMVOUSSA,GRAM-609-05,coleoptera,2
Gramvoussa,GRAMVOUSSA,GRAM-609-05,hymenoptera,1
Gramvoussa,GRAMVOUSSA,GRAM-609-03,hemiptera,1
Gramvoussa,GRAMVOUSSA,GRAM-609-03,hymenoptera,1
Gramvoussa,GRAMVOUSSA,GRAM-609-17,coleoptera,2
Gramvoussa,GRAMVOUSSA,GRAM-609-17,hemiptera,1
Gramvoussa,GRAMVOUSSA,GRAM-609-08,coleoptera,1
Gramvoussa,GRAMVOUSSA,GRAM-609-08,hymenoptera,1
Gramvoussa,GRAMVOUSSA,GRAM-609-13,coleoptera,1
Gramvoussa,GRAMVOUSSA,GRAM-609-01,coleoptera,1
Gramvoussa,GRAMVOUSSA,GRAM-609-12,hymenoptera,1
Gramvoussa,GRAMVOUSSA,GRAM-609-12,gastropoda,1
Gramvoussa,GRAMVOUSSA,GRAM-609-16,hemiptera,1
Gramvoussa,GRAMVOUSSA,GRAM-609-16,hymenoptera,1
Gramvoussa,GRAMVOUSSA,GRAM-609-16,orthoptera,1
Gramvoussa,GRAMVOUSSA,GRAM-609-16,araneae,1
Gramvoussa,GRAMVOUSSA,GRAM-609-16,gastropoda,1
Gramvoussa,GRAMVOUSSA,GRAM-609-16,flower_parts,1
Gramvoussa,GRAMVOUSSA,GRAM-609-16,seed_pod,3
Gramvoussa,GRAMVOUSSA,GRAM-609-14,coleoptera,4
Gramvoussa,GRAMVOUSSA,GRAM-609-18,leaf,1
Aspronisi,ASPRONISI,ASPRO-616-15,coleoptera,1
Aspronisi,ASPRONISI,ASPRO-616-15,diptera,13
Aspronisi,ASPRONISI,ASPRO-616-15,hemiptera,3
Aspronisi,ASPRONISI,ASPRO-616-01,diptera,3
Aspronisi,ASPRONISI,ASPRO-616-01,hymenoptera,2
Aspronisi,ASPRONISI,ASPRO-616-01,diptera_larvae,2
Aspronisi,ASPRONISI,ASPRO-616-01,stick,1
Aspronisi,ASPRONISI,ASPRO-616-04,diptera,2
Aspronisi,ASPRONISI,ASPRO-616-04,hymenoptera,1
Aspronisi,ASPRONISI,ASPRO-616-04,diptera_larvae,2
Aspronisi,ASPRONISI,ASPRO-616-04,araneae,1
Aspronisi,ASPRONISI,ASPRO-616-10,coleoptera,1
Aspronisi,ASPRONISI,ASPRO-616-10,hemiptera,3
Aspronisi,ASPRONISI,ASPRO-616-10,diptera_larvae,2
Aspronisi,ASPRONISI,ASPRO-616-10,pseudoscorpiones,2
Aspronisi,ASPRONISI,ASPRO-616-10,gastropoda,1
Aspronisi,ASPRONISI,ASPRO-616-08,coleoptera,1
Aspronisi,ASPRONISI,ASPRO-616-08,hemiptera,3
Aspronisi,ASPRONISI,ASPRO-616-08,hymenoptera,3
Aspronisi,ASPRONISI,ASPRO-616-08,diptera_larvae,1
Aspronisi,ASPRONISI,ASPRO-616-08,araneae,1
Aspronisi,ASPRONISI,ASPRO-616-08,salt,1
Aspronisi,ASPRONISI,ASPRO-616-02,coleoptera,1
Aspronisi,ASPRONISI,ASPRO-616-02,diptera,1
Aspronisi,ASPRONISI,ASPRO-616-02,hemiptera,10
Aspronisi,ASPRONISI,ASPRO-616-02,araneae,1
Aspronisi,ASPRONISI,ASPRO-616-02,pseudoscorpiones,1
Aspronisi,ASPRONISI,ASPRO-616-11,coleoptera,1
Aspronisi,ASPRONISI,ASPRO-616-11,lepidoptera_larvae,1
Aspronisi,ASPRONISI,ASPRO-616-11,gastropoda,1
Aspronisi,ASPRONISI,ASPRO-616-13,coleoptera,2
Aspronisi,ASPRONISI,ASPRO-616-13,diptera_larvae,8
Aspronisi,ASPRONISI,ASPRO-616-17,lepidoptera_larvae,1
Aspronisi,ASPRONISI,ASPRO-616-17,acari,1
Aspronisi,ASPRONISI,ASPRO-616-17,araneae,1
Aspronisi,ASPRONISI,ASPRO-616-17,leaf,1
Aspronisi,ASPRONISI,ASPRO-616-17,salt,1
Aspronisi,ASPRONISI,ASPRO-616-18,coleoptera,3
Aspronisi,ASPRONISI,ASPRO-616-18,hemiptera,1
Aspronisi,ASPRONISI,ASPRO-616-18,hymenoptera,1
Aspronisi,ASPRONISI,ASPRO-616-14,hymenoptera,1
Aspronisi,ASPRONISI,ASPRO-616-16,coleoptera,2
Aspronisi,ASPRONISI,ASPRO-616-16,hymenoptera,1
Aspronisi,ASPRONISI,ASPRO-616-16,diptera_larvae,1
Aspronisi,ASPRONISI,ASPRO-616-16,gastropoda,1
Aspronisi,ASPRONISI,ASPRO-616-05,blattodea,1
Aspronisi,ASPRONISI,ASPRO-616-05,coleoptera,4
Aspronisi,ASPRONISI,ASPRO-616-05,acari,1
Aspronisi,ASPRONISI,ASPRO-616-05,salt,1
Aspronisi,ASPRONISI,ASPRO-616-03,blattodea,1
Aspronisi,ASPRONISI,ASPRO-616-03,coleoptera,1
Aspronisi,ASPRONISI,ASPRO-616-03,hymenoptera,1
Aspronisi,ASPRONISI,ASPRO-616-12,coleoptera,1
Aspronisi,ASPRONISI,ASPRO-616-12,diptera,1
Aspronisi,ASPRONISI,ASPRO-616-12,hemiptera,4
Aspronisi,ASPRONISI,ASPRO-616-12,hymenoptera,9
Aspronisi,ASPRONISI,ASPRO-616-12,gastropoda,1
Naxos,SAGRI,SAGRI- 521-03,coleoptera,1
Naxos,SAGRI,SAGRI- 521-03,hemiptera,1
Naxos,SAGRI,SAGRI- 521-10,coleoptera,1
Naxos,SAGRI,SAGRI- 521-10,orthoptera,1
Naxos,SAGRI,SAGRI- 521-10,gastropoda,1
Naxos,SAGRI,SAGRI- 521-01,hemiptera,1
Naxos,SAGRI,SAGRI- 521-01,hymenoptera,1
Naxos,SAGRI,SAGRI- 521-11,orthoptera,1
Naxos,SAGRI,SAGRI- 521-11,insect_egg,7
Naxos,SAGRI,SAGRI- 521-08,orthoptera,1
Naxos,SAGRI,SAGRI- 521-07,orthoptera,1
Naxos,SAGRI,SAGRI- 521-09,hemiptera,1
Naxos,SAGRI,SAGRI- 521-09,orthoptera,1
Naxos,SAGRI,SAGRI- 521-09,araneae,1
Mando,MANDO,MANDO-525-20,coleoptera,2
Mando,MANDO,MANDO-525-20,hymenoptera,4
Mando,MANDO,MANDO-525-20,coleoptera_larvae,3
Mando,MANDO,MANDO-525-20,araneae,3
Mando,MANDO,MANDO-525-25,coleoptera,3
Mando,MANDO,MANDO-525-25,hemiptera,2
Mando,MANDO,MANDO-525-25,hymenoptera,23
Mando,MANDO,MANDO-525-25,coleoptera_larvae,1
Mando,MANDO,MANDO-525-25,araneae,3
Mando,MANDO,MANDO-525-36,hemiptera,1
Mando,MANDO,MANDO-525-01,coleoptera,2
Mando,MANDO,MANDO-525-01,hemiptera,10
Mando,MANDO,MANDO-525-01,hymenoptera,6
Mando,MANDO,MANDO-525-01,diptera_larvae,3
Mando,MANDO,MANDO-525-01,lepidoptera_larvae,1
Mando,MANDO,MANDO-525-01,pseudoscorpiones,1
Mando,MANDO,MANDO-525-01,stick,1
Mando,MANDO,MANDO-525-34,coleoptera,3
Mando,MANDO,MANDO-525-34,hemiptera,1
Mando,MANDO,MANDO-525-34,hymenoptera,1
Mando,MANDO,MANDO-525-09,coleoptera,2
Mando,MANDO,MANDO-525-09,hymenoptera,2
Mando,MANDO,MANDO-525-09,diptera_larvae,2
Mando,MANDO,MANDO-525-09,lepidoptera_larvae,2
Mando,MANDO,MANDO-525-09,isopoda,1
Mando,MANDO,MANDO-525-07,coleoptera,2
Mando,MANDO,MANDO-525-07,embioptera,1
Mando,MANDO,MANDO-525-07,hemiptera,1
Mando,MANDO,MANDO-525-07,hymenoptera,1
Mando,MANDO,MANDO-525-07,diptera_larvae,1
Mando,MANDO,MANDO-525-07,isopoda,1
Mando,MANDO,MANDO-525-07,pseudoscorpiones,1
Mando,MANDO,MANDO-525-19,coleoptera,3
Mando,MANDO,MANDO-525-19,hymenoptera,1
Mando,MANDO,MANDO-525-19,coleoptera_larvae,3
Mando,MANDO,MANDO-525-27,coleoptera,2
Mando,MANDO,MANDO-525-27,hymenoptera,4
Mando,MANDO,MANDO-525-27,araneae,1
Mando,MANDO,MANDO-525-06,diptera,3
Mando,MANDO,MANDO-525-06,hemiptera,3
Mando,MANDO,MANDO-525-06,hymenoptera,5
Mando,MANDO,MANDO-525-06,sea_shell,1
Mando,MANDO,MANDO-525-16,coleoptera,9
Mando,MANDO,MANDO-525-16,hemiptera,2
Mando,MANDO,MANDO-525-16,hymenoptera,9
Mando,MANDO,MANDO-525-16,lepidoptera_larvae,1
Mando,MANDO,MANDO-525-17,coleoptera,4
Mando,MANDO,MANDO-525-17,hemiptera,2
Mando,MANDO,MANDO-525-17,hymenoptera,1
Mando,MANDO,MANDO-525-17,araneae,12
Mando,MANDO,MANDO-525-15,coleoptera,5
Mando,MANDO,MANDO-525-15,hemiptera,3
Mando,MANDO,MANDO-525-15,hymenoptera,2
Mando,MANDO,MANDO-525-15,diptera_larvae,2
Mando,MANDO,MANDO-525-11,hemiptera,1
Mando,MANDO,MANDO-525-11,hymenoptera,6
Mando,MANDO,MANDO-525-11,berry,1
Mando,MANDO,MANDO-525-11,flower_parts,1
Mando,MANDO,MANDO-525-03,coleoptera,3
Mando,MANDO,MANDO-525-03,hemiptera,2
Mando,MANDO,MANDO-525-03,araneae,2
Mando,MANDO,MANDO-525-03,chilopoda,1
Mando,MANDO,MANDO-525-03,isopoda,1
Mando,MANDO,MANDO-525-32,coleoptera,4
Mando,MANDO,MANDO-525-32,hymenoptera,2
Mando,MANDO,MANDO-525-30,coleoptera,8
Mando,MANDO,MANDO-525-30,hemiptera,1
Mando,MANDO,MANDO-525-30,hymenoptera,1
Mando,MANDO,MANDO-525-30,pseudoscorpiones,1
Mando,MANDO,MANDO-525-24,coleoptera,6
Mando,MANDO,MANDO-525-24,hemiptera,3
Mando,MANDO,MANDO-525-24,coleoptera_larvae,1
Mando,MANDO,MANDO-525-24,lepidoptera_larvae,1
Mando,MANDO,MANDO-525-24,gastropoda,1
Mando,MANDO,MANDO-525-12,hymenoptera,1
Mando,MANDO,MANDO-525-14,hemiptera,2
Mando,MANDO,MANDO-525-14,hymenoptera,1
Mando,MANDO,MANDO-525-14,isopoda,1
Mando,MANDO,MANDO-525-14,berry,1
Mando,MANDO,MANDO-525-02,coleoptera,1
Mando,MANDO,MANDO-525-02,diptera,3
Mando,MANDO,MANDO-525-02,hymenoptera,14
Mando,MANDO,MANDO-525-02,lepidoptera_larvae,1
Mando,MANDO,MANDO-525-29,coleoptera,2
Mando,MANDO,MANDO-525-29,hemiptera,2
Mando,MANDO,MANDO-525-29,araneae,1
Mando,MANDO,MANDO-525-22,coleoptera,4
Mando,MANDO,MANDO-525-22,hemiptera,3
Mando,MANDO,MANDO-525-22,hymenoptera,2
Mando,MANDO,MANDO-525-22,araneae,2
Mando,MANDO,MANDO-525-22,stick,1
Mando,MANDO,MANDO-525-33,coleoptera,3
Mando,MANDO,MANDO-525-33,hemiptera,8
Mando,MANDO,MANDO-525-33,hymenoptera,1
Mando,MANDO,MANDO-525-33,lepidoptera_larvae,1
Mando,MANDO,MANDO-525-33,isopoda,1
Mando,MANDO,MANDO-525-33,gastropoda,1
Mando,MANDO,MANDO-525-26,hymenoptera,1
Mando,MANDO,MANDO-525-26,lepidoptera_larvae,2
Mando,MANDO,MANDO-525-08,hymenoptera,2
Mando,MANDO,MANDO-525-08,stick,1
Mando,MANDO,MANDO-525-04,coleoptera,4
Mando,MANDO,MANDO-525-04,hemiptera,1
Mando,MANDO,MANDO-525-04,hymenoptera,2
Mando,MANDO,MANDO-525-04,coleoptera_larvae,2
Mando,MANDO,MANDO-525-04,araneae,1
Mando,MANDO,MANDO-525-23,coleoptera,2
Mando,MANDO,MANDO-525-23,hemiptera,2
Mando,MANDO,MANDO-525-23,hymenoptera,2
Mando,MANDO,MANDO-525-23,coleoptera_larvae,1
Mando,MANDO,MANDO-525-23,diptera_larvae,1
Mando,MANDO,MANDO-525-23,gastropoda,1
Naxos,SMONI,SMONI-522-22,coleoptera,2
Naxos,SMONI,SMONI-522-22,hemiptera,2
Naxos,SMONI,SMONI-522-22,orthoptera,1
Naxos,SMONI,SMONI-522-22,lepidoptera_larvae,1
Naxos,SMONI,SMONI-522-22,gastropoda,1
Naxos,SMONI,SMONI-522-22,seed,2
Naxos,SMONI,SMONI-522-05,hymenoptera,3
Naxos,SMONI,SMONI-522-05,araneae,2
Naxos,SMONI,SMONI-522-26,hemiptera,1
Naxos,SMONI,SMONI-522-26,hymenoptera,1
Naxos,SMONI,SMONI-522-26,araneae,2
Naxos,SMONI,SMONI-522-26,isopoda,1
Naxos,SMONI,SMONI-522-04,coleoptera,1
Naxos,SMONI,SMONI-522-04,lepidoptera_larvae,1
Naxos,SMONI,SMONI-522-21,blattodea,1
Naxos,SMONI,SMONI-522-21,coleoptera,1
Naxos,SMONI,SMONI-522-21,lepidoptera_larvae,2
Naxos,SMONI,SMONI-522-21,neuroptera_larvae,1
Naxos,SMONI,SMONI-522-21,gastropoda,1
Naxos,SMONI,SMONI-522-38,hymenoptera,2
Naxos,SMONI,SMONI-522-38,araneae,2
Naxos,SMONI,SMONI-522-38,isopoda,1
Naxos,SMONI,SMONI-522-09,hymenoptera,2
Naxos,SMONI,SMONI-522-09,lepidoptera,1
Naxos,SMONI,SMONI-522-09,diptera_larvae,1
Naxos,SMONI,SMONI-522-06,hemiptera,1
Naxos,SMONI,SMONI-522-06,orthoptera,1
Naxos,SMONI,SMONI-522-06,lepidoptera_larvae,2
Naxos,SMONI,SMONI-522-34,lepidoptera,1
Naxos,SMONI,SMONI-522-34,lepidoptera_larvae,1
Naxos,SMONI,SMONI-522-34,araneae,1
Naxos,SMONI,SMONI-522-34,gastropoda,1
Naxos,SMONI,SMONI-522-34,flower_parts,3
Naxos,SMONI,SMONI-522-19,hemiptera,2
Naxos,SMONI,SMONI-522-19,lepidoptera_larvae,1
Naxos,SMONI,SMONI-522-19,flower_parts,1
Naxos,SMONI,SMONI-522-32,blattodea,1
Naxos,SMONI,SMONI-522-32,hemiptera,3
Naxos,SMONI,SMONI-522-32,hymenoptera,1
Naxos,SMONI,SMONI-522-32,lepidoptera,1
Naxos,SMONI,SMONI-522-32,lepidoptera_larvae,1
Naxos,SMONI,SMONI-522-32,araneae,1
Naxos,SMONI,SMONI-522-39,hymenoptera,1
Naxos,SMONI,SMONI-522-10,coleoptera,1
Naxos,SMONI,SMONI-522-10,hymenoptera,3
Naxos,SMONI,SMONI-522-10,leaf,1
Naxos,SMONI,SMONI-522-13,diptera,1
Naxos,SMONI,SMONI-522-13,hemiptera,17
Naxos,SMONI,SMONI-522-13,hymenoptera,3
Naxos,SMONI,SMONI-522-02,coleoptera,2
Naxos,SMONI,SMONI-522-02,lepidoptera_larvae,1
Naxos,SMONI,SMONI-522-02,gastropoda,1
Naxos,SMONI,SMONI-522-30,coleoptera,1
Naxos,SMONI,SMONI-522-30,hymenoptera,3
Naxos,SMONI,SMONI-522-30,gastropoda,1
Naxos,SMONI,SMONI-522-24,lepidoptera_larvae,1
Naxos,SMONI,SMONI-522-07,coleoptera,1
Naxos,SMONI,SMONI-522-07,isopoda,1
Naxos,SMONI,SMONI-522-37,coleoptera,3
Naxos,SMONI,SMONI-522-37,lepidoptera_larvae,1
Naxos,SMONI,SMONI-522-37,isopoda,1
Naxos,RACHI,RACHI-320-14,coleoptera,1
Naxos,RACHI,RACHI-320-14,hymenoptera,3
Naxos,RACHI,RACHI-320-14,gastropoda,1
Naxos,RACHI,RACHI-320-04,hymenoptera,1
Naxos,RACHI,RACHI-320-04,araneae,1
Naxos,RACHI,RACHI-320-08,orthoptera,1
Naxos,RACHI,RACHI-320-08,gastropoda,1
Naxos,RACHI,RACHI-320-03,diptera,1
Naxos,RACHI,RACHI-320-03,hymenoptera,1
Naxos,RACHI,RACHI-320-03,araneae,1
Naxos,RACHI,RACHI-320-03,gastropoda,1
Naxos,RACHI,RACHI-320-09,coleoptera,1
Naxos,RACHI,RACHI-320-09,hymenoptera,1
Naxos,RACHI,RACHI-320-09,gastropoda,1
Naxos,RACHI,RACHI-320-12,coleoptera,1
Naxos,RACHI,RACHI-320-12,orthoptera,1
Naxos,RACHI,RACHI-320-12,diptera_larvae,1
Naxos,RACHI,RACHI-320-12,lepidoptera_larvae,1
Naxos,RACHI,RACHI-320-12,araneae,1
Naxos,RACHI,RACHI-320-02,diptera,1
Naxos,RACHI,RACHI-320-02,hymenoptera,1
Naxos,RACHI,RACHI-320-02,orthoptera,1
Naxos,RACHI,RACHI-320-06,hymenoptera,1
Naxos,RACHI,RACHI-320-06,araneae,1
Naxos,RACHI,RACHI-320-05,coleoptera,1
Naxos,RACHI,RACHI-320-05,hymenoptera,1
Naxos,RACHI,RACHI-320-05,araneae,1
Naxos,RACHI,RACHI-320-05,gastropoda,1
Naxos,RACHI,RACHI-320-13,hemiptera,1
Naxos,RACHI,RACHI-320-13,hymenoptera,1
Naxos,VIGLA,VIGLA-517-14,hemiptera,1
Naxos,VIGLA,VIGLA-517-14,orthoptera,1
Naxos,VIGLA,VIGLA-517-14,gastropoda,1
Naxos,VIGLA,VIGLA-517-20,hemiptera,22
Naxos,VIGLA,VIGLA-517-20,hymenoptera,1
Naxos,VIGLA,VIGLA-517-20,coleoptera_larvae,2
Naxos,VIGLA,VIGLA-517-20,gastropoda,1
Naxos,VIGLA,VIGLA-517-03,coleoptera,2
Naxos,VIGLA,VIGLA-517-03,lepidoptera_larvae,2
Naxos,VIGLA,VIGLA-517-03,araneae,1
Naxos,VIGLA,VIGLA-517-01,hymenoptera,1
Naxos,VIGLA,VIGLA-517-08,flower_parts,1
Naxos,VIGLA,VIGLA-517-02,hemiptera,1
Naxos,VIGLA,VIGLA-517-02,hymenoptera,1
Naxos,VIGLA,VIGLA-517-10,coleoptera,1
Naxos,VIGLA,VIGLA-517-10,acari,1
Naxos,VIGLA,VIGLA-517-23,coleoptera,1
Naxos,VIGLA,VIGLA-517-23,hemiptera,1
Naxos,VIGLA,VIGLA-517-23,lepidoptera,1
Naxos,VIGLA,VIGLA-517-23,araneae,1
Naxos,VIGLA,VIGLA-517-15,coleoptera,1
Naxos,VIGLA,VIGLA-517-15,hemiptera,7
Naxos,VIGLA,VIGLA-517-15,hymenoptera,1
Naxos,VIGLA,VIGLA-517-15,insect_egg,1
Naxos,VIGLA,VIGLA-517-19,diptera,1
Naxos,VIGLA,VIGLA-517-19,hemiptera,1
Naxos,VIGLA,VIGLA-517-19,lepidoptera_larvae,1
Naxos,VIGLA,VIGLA-517-19,gastropoda,1
Naxos,VIGLA,VIGLA-517-06,hemiptera,1
Naxos,VIGLA,VIGLA-517-06,hymenoptera,4
Naxos,VIGLA,VIGLA-517-16,hemiptera,1
Naxos,VIGLA,VIGLA-517-16,hymenoptera,1
Naxos,VIGLA,VIGLA-517-16,araneae,1
Naxos,VIGLA,VIGLA-517-22,coleoptera,1
Naxos,VIGLA,VIGLA-517-22,hemiptera,48
Naxos,VIGLA,VIGLA-517-22,coleoptera_larvae,2
Naxos,VIGLA,VIGLA-517-22,gastropoda,1
Naxos,VIGLA,VIGLA-517-21,hemiptera,1
Naxos,VIGLA,VIGLA-517-21,hymenoptera,1
Naxos,VIGLA,VIGLA-517-21,coleoptera_larvae,2
Naxos,VIGLA,VIGLA-517-21,araneae,2
Naxos,VIGLA,VIGLA-517-21,stick,1
Naxos,VIGLA,VIGLA-517-17,coleoptera,1
Naxos,VIGLA,VIGLA-517-17,hemiptera,2
Naxos,VIGLA,VIGLA-517-17,hymenoptera,3
Naxos,VIGLA,VIGLA-517-17,gastropoda,1
Naxos,VIGLA,VIGLA-517-12,hemiptera,2
Naxos,VIGLA,VIGLA-517-25,coleoptera,2
Naxos,VIGLA,VIGLA-517-25,hemiptera,1
Naxos,VIGLA,VIGLA-517-25,gastropoda,1
Naxos,VIGLA,VIGLA-517-18,coleoptera,1
Naxos,VIGLA,VIGLA-517-18,hemiptera,22
Naxos,VIGLA,VIGLA-517-18,hymenoptera,3
Naxos,VIGLA,VIGLA-517-18,lepidoptera,1
Naxos,VIGLA,VIGLA-517-18,acari,1
Naxos,VIGLA,VIGLA-517-18,gastropoda,1
Mando,MANDO,MANDO-617-24,hemiptera,2
Mando,MANDO,MANDO-617-24,hymenoptera,5
Mando,MANDO,MANDO-617-24,coleoptera_larvae,2
Mando,MANDO,MANDO-617-24,araneae,1
Mando,MANDO,MANDO-617-23,coleoptera,1
Mando,MANDO,MANDO-617-23,hemiptera,1
Mando,MANDO,MANDO-617-23,hymenoptera,2
Mando,MANDO,MANDO-617-23,lepidoptera,1
Mando,MANDO,MANDO-617-23,coleoptera_larvae,1
Mando,MANDO,MANDO-617-23,lepidoptera_larvae,1
Mando,MANDO,MANDO-617-23,araneae,1
Mando,MANDO,MANDO-617-25,coleoptera,3
Mando,MANDO,MANDO-617-25,embioptera,1
Mando,MANDO,MANDO-617-25,hymenoptera,8
Mando,MANDO,MANDO-617-25,gastropoda,1
Mando,MANDO,MANDO-617-22,coleoptera,1
Mando,MANDO,MANDO-617-22,embioptera,3
Mando,MANDO,MANDO-617-22,coleoptera_larvae,1
Mando,MANDO,MANDO-617-22,lepidoptera_larvae,1
Mando,MANDO,MANDO-617-21,hymenoptera,7
Mando,MANDO,MANDO-617-21,stick,1
Mando,MANDO,MANDO-616-12,coleoptera,1
Mando,MANDO,MANDO-616-12,hemiptera,5
Mando,MANDO,MANDO-616-12,araneae,1
Mando,MANDO,MANDO-616-19,diptera_larvae,1
Mando,MANDO,MANDO-616-19,isopoda,1
Mando,MANDO,MANDO-616-08,hymenoptera,3
Mando,MANDO,MANDO-616-08,lepidoptera_larvae,1
Mando,MANDO,MANDO-616-11,coleoptera,1
Mando,MANDO,MANDO-616-11,embioptera,1
Mando,MANDO,MANDO-616-11,hymenoptera,1
Mando,MANDO,MANDO-616-03,coleoptera,2
Mando,MANDO,MANDO-616-03,hemiptera,1
Mando,MANDO,MANDO-616-20,hemiptera,1
Mando,MANDO,MANDO-616-20,gastropoda,1
Mando,MANDO,MANDO-616-20,stick,1
Mando,MANDO,MANDO-616-04,coleoptera,3
Mando,MANDO,MANDO-616-04,hemiptera,3
Mando,MANDO,MANDO-616-04,hymenoptera,3
Mando,MANDO,MANDO-616-04,stick,1
Mando,MANDO,MANDO-616-13,embioptera,2
Mando,MANDO,MANDO-616-13,hemiptera,1
Mando,MANDO,MANDO-616-13,neuroptera,1
Mando,MANDO,MANDO-616-13,coleoptera_larvae,1
Mando,MANDO,MANDO-616-13,gastropoda,1
Mando,MANDO,MANDO-616-06,embioptera,1
Mando,MANDO,MANDO-616-06,hemiptera,1
Mando,MANDO,MANDO-616-06,hymenoptera,1
Mando,MANDO,MANDO-616-06,insect_egg,1
Mando,MANDO,MANDO-616-06,isopoda,1
Mando,MANDO,MANDO-616-15,coleoptera,21
Mando,MANDO,MANDO-616-15,hemiptera,2
Mando,MANDO,MANDO-616-15,hymenoptera,1
Mando,MANDO,MANDO-616-05,coleoptera,2
Mando,MANDO,MANDO-616-05,hemiptera,3
Mando,MANDO,MANDO-616-05,stick,1
Mando,MANDO,MANDO-616-14,coleoptera,2
Mando,MANDO,MANDO-616-14,embioptera,1
Mando,MANDO,MANDO-616-14,hemiptera,3
Mando,MANDO,MANDO-616-14,hymenoptera,2
Mando,MANDO,MANDO-616-14,coleoptera_larvae,1
Mando,MANDO,MANDO-616-02,coleoptera,1
Mando,MANDO,MANDO-616-02,hymenoptera,1
Mando,MANDO,MANDO-616-02,isopoda,2
Mando,MANDO,MANDO-616-09,coleoptera,1
Mando,MANDO,MANDO-616-09,hemiptera,2
Mando,MANDO,MANDO-616-09,hymenoptera,1
Mando,MANDO,MANDO-616-18,coleoptera,1
Mando,MANDO,MANDO-616-18,hymenoptera,3
Mando,MANDO,MANDO-616-18,coleoptera_larvae,1
Mando,MANDO,MANDO-616-18,stick,1
Mando,MANDO,MANDO-616-17,hemiptera,4
Mando,MANDO,MANDO-616-17,hymenoptera,1
Mando,MANDO,MANDO-616-07,hemiptera,6
Naxos,WMONI,WMONI-523-30,coleoptera,1
Naxos,WMONI,WMONI-523-30,hymenoptera,1
Naxos,WMONI,WMONI-523-18,diptera,1
Naxos,WMONI,WMONI-523-18,araneae,1
Naxos,WMONI,WMONI-523-34,hymenoptera,1
Naxos,WMONI,WMONI-523-34,lepidoptera,1
Naxos,WMONI,WMONI-523-34,gastropoda,1
Naxos,WMONI,WMONI-523-34,stick,1
Naxos,WMONI,WMONI-523-27,lepidoptera_larvae,1
Naxos,WMONI,WMONI-523-27,gastropoda,1
Naxos,WMONI,WMONI-523-09,coleoptera,2
Naxos,WMONI,WMONI-523-09,coleoptera_larvae,1
Naxos,WMONI,WMONI-523-09,stick,1
Naxos,WMONI,WMONI-523-51,coleoptera,1
Naxos,WMONI,WMONI-523-51,hemiptera,3
Naxos,WMONI,WMONI-523-51,hymenoptera,2
Naxos,WMONI,WMONI-523-51,orthoptera,1
Naxos,WMONI,WMONI-523-51,gastropoda,1
Naxos,WMONI,WMONI-523-17,coleoptera,2
Naxos,WMONI,WMONI-523-17,hymenoptera,2
Naxos,WMONI,WMONI-523-17,orthoptera,1
Naxos,WMONI,WMONI-523-36,coleoptera,3
Naxos,WMONI,WMONI-523-36,lepidoptera_larvae,1
Naxos,WMONI,WMONI-523-36,araneae,1
Naxos,WMONI,WMONI-523-41,coleoptera,1
Naxos,WMONI,WMONI-523-41,hemiptera,1
Naxos,WMONI,WMONI-523-22,hemiptera,1
Naxos,WMONI,WMONI-523-22,coleoptera_larvae,1
Naxos,WMONI,WMONI-523-19,orthoptera,1
Naxos,WMONI,WMONI-523-10,hymenoptera,1
Naxos,WMONI,WMONI-523-10,orthoptera,1
Naxos,WMONI,WMONI-523-24,hemiptera,1
Naxos,WMONI,WMONI-523-24,araneae,1
Naxos,WMONI,WMONI-523-35,hemiptera,1
Naxos,WMONI,WMONI-523-35,orthoptera,2
Naxos,WMONI,WMONI-523-35,lepidoptera_larvae,1
Naxos,WMONI,WMONI-523-54,diptera,1
Naxos,WMONI,WMONI-523-54,hemiptera,1
Naxos,WMONI,WMONI-523-54,lepidoptera_larvae,1
Naxos,WMONI,WMONI-523-54,gastropoda,1
Naxos,WMONI,WMONI-523-14,coleoptera,2
Naxos,WMONI,WMONI-523-14,hymenoptera,1
Naxos,WMONI,WMONI-523-14,lepidoptera_larvae,1
Naxos,WMONI,WMONI-523-15,coleoptera,2
Naxos,WMONI,WMONI-523-15,hemiptera,1
Naxos,WMONI,WMONI-523-03,coleoptera,1
Naxos,WMONI,WMONI-523-03,hemiptera,1
Naxos,WMONI,WMONI-523-03,araneae,1
Naxos,WMONI,WMONI-523-23,coleoptera,2
Naxos,WMONI,WMONI-523-23,hemiptera,1
Naxos,WMONI,WMONI-523-23,hymenoptera,1
Naxos,WMONI,WMONI-523-23,coleoptera_larvae,1
Naxos,WMONI,WMONI-523-23,lepidoptera_larvae,1
Naxos,WMONI,WMONI-523-37,coleoptera,1
Naxos,WMONI,WMONI-523-37,hemiptera,2
Naxos,WMONI,WMONI-523-37,hymenoptera,2
Naxos,WMONI,WMONI-523-37,lepidoptera,1
Naxos,WMONI,WMONI-523-37,araneae,2
Naxos,WMONI,WMONI-523-37,gastropoda,1
Naxos,WMONI,WMONI-523-29,coleoptera,1
Naxos,WMONI,WMONI-523-29,lepidoptera,1
Naxos,WMONI,WMONI-523-13,coleoptera,3
Naxos,WMONI,WMONI-523-31,hemiptera,2
Naxos,WMONI,WMONI-523-31,raphidioptera,1
Naxos,WMONI,WMONI-523-31,lepidoptera_larvae,1
Naxos,WMONI,WMONI-523-11,coleoptera,2
Naxos,WMONI,WMONI-523-11,gastropoda,1
Naxos,WMONI,WMONI-523-11,stick,1
Naxos,WMONI,WMONI-523-25,coleoptera,1
Naxos,WMONI,WMONI-523-25,hymenoptera,2
Naxos,WMONI,WMONI-523-25,flower_parts,1
Naxos,WMONI,WMONI-523-49,coleoptera,1
Naxos,WMONI,WMONI-523-49,hemiptera,1
Naxos,WMONI,WMONI-523-49,hymenoptera,1
Naxos,WMONI,WMONI-523-32,coleoptera,2
Naxos,WMONI,WMONI-523-32,lepidoptera_larvae,1
Naxos,WMONI,WMONI-523-50,coleoptera,1
Naxos,WMONI,WMONI-523-50,hemiptera,2
Naxos,WMONI,WMONI-523-50,hymenoptera,2
Naxos,WMONI,WMONI-523-50,gastropoda,1
Naxos,WMONI,WMONI-523-06,coleoptera,1
Naxos,WMONI,WMONI-523-06,hemiptera,1
Naxos,WMONI,WMONI-523-06,hymenoptera,1
Naxos,DEMAR,DEMAR-518-36,coleoptera,1
Naxos,DEMAR,DEMAR-518-36,hemiptera,6
Naxos,DEMAR,DEMAR-518-36,thysanura,1
Naxos,DEMAR,DEMAR-518-36,araneae,1
Naxos,DEMAR,DEMAR-518-20,coleoptera,3
Naxos,DEMAR,DEMAR-518-20,hymenoptera,2
Naxos,DEMAR,DEMAR-518-20,araneae,2
Naxos,DEMAR,DEMAR-518-20,gastropoda,1
Naxos,DEMAR,DEMAR-518-21,coleoptera,1
Naxos,DEMAR,DEMAR-518-21,hemiptera,2
Naxos,DEMAR,DEMAR-518-21,lepidoptera,1
Naxos,DEMAR,DEMAR-518-21,araneae,1
Naxos,DEMAR,DEMAR-518-02,coleoptera,2
Naxos,DEMAR,DEMAR-518-02,hemiptera,2
Naxos,DEMAR,DEMAR-518-02,araneae,1
Naxos,DEMAR,DEMAR-518-02,flower_parts,1
Naxos,DEMAR,DEMAR-518-04,hemiptera,2
Naxos,DEMAR,DEMAR-518-04,hymenoptera,1
Naxos,DEMAR,DEMAR-518-04,orthoptera,1
Naxos,DEMAR,DEMAR-518-12,hemiptera,1
Naxos,DEMAR,DEMAR-518-12,orthoptera,1
Naxos,DEMAR,DEMAR-518-24,hemiptera,1
Naxos,DEMAR,DEMAR-518-24,hymenoptera,1
Naxos,DEMAR,DEMAR-518-24,araneae,2
Naxos,DEMAR,DEMAR-518-24,gastropoda,1
Naxos,DEMAR,DEMAR-518-11,hemiptera,3
Naxos,DEMAR,DEMAR-518-11,hymenoptera,1
Naxos,DEMAR,DEMAR-518-11,orthoptera,1
Naxos,DEMAR,DEMAR-518-11,araneae,1
Naxos,DEMAR,DEMAR-518-15,hemiptera,1
Naxos,DEMAR,DEMAR-518-15,araneae,4
Naxos,DEMAR,DEMAR-518-15,gastropoda,1
Naxos,DEMAR,DEMAR-518-08,diptera,1
Naxos,DEMAR,DEMAR-518-08,hemiptera,1
Naxos,DEMAR,DEMAR-518-08,araneae,2
Naxos,DEMAR,DEMAR-518-08,isopoda,1
Naxos,DEMAR,DEMAR-518-16,araneae,1
Naxos,DEMAR,DEMAR-518-10,hemiptera,1
Naxos,DEMAR,DEMAR-518-10,thysanura,1
Naxos,DEMAR,DEMAR-518-10,araneae,1
Naxos,DEMAR,DEMAR-518-33,hemiptera,1
Naxos,DEMAR,DEMAR-518-33,isopoda,1
Naxos,DEMAR,DEMAR-518-18,lepidoptera,1
Naxos,DEMAR,DEMAR-518-18,orthoptera,1
Naxos,DEMAR,DEMAR-518-29,coleoptera,3
Naxos,DEMAR,DEMAR-518-29,hemiptera,1
Naxos,DEMAR,DEMAR-518-29,araneae,1
Naxos,DEMAR,DEMAR-518-29,gastropoda,1
Naxos,DEMAR,DEMAR-518-09,coleoptera,1
Naxos,DEMAR,DEMAR-518-09,hymenoptera,1
Naxos,DEMAR,DEMAR-518-09,lepidoptera_larvae,1
Naxos,DEMAR,DEMAR-518-39,coleoptera,1
Naxos,DEMAR,DEMAR-518-39,hemiptera,1
Naxos,DEMAR,DEMAR-518-39,spider_egg,1
Naxos,DEMAR,DEMAR-518-39,araneae,1
Naxos,DEMAR,DEMAR-518-27,coleoptera,2
Naxos,DEMAR,DEMAR-518-27,hymenoptera,2
Naxos,DEMAR,DEMAR-518-27,isopoda,1
Naxos,DEMAR,DEMAR-518-37,coleoptera,1
Naxos,DEMAR,DEMAR-518-37,orthoptera,1
Naxos,DEMAR,DEMAR-518-37,araneae,1
Naxos,DEMAR,DEMAR-518-05,coleoptera,2
Naxos,DEMAR,DEMAR-518-05,hymenoptera,3
Naxos,DEMAR,DEMAR-518-19,coleoptera,2
Naxos,DEMAR,DEMAR-518-19,hemiptera,2
Naxos,DEMAR,DEMAR-518-19,hymenoptera,3
Naxos,DEMAR,DEMAR-518-19,diptera_larvae,1
Naxos,DEMAR,DEMAR-518-19,araneae,1
Naxos,DEMAR,DEMAR-518-35,coleoptera,1
Naxos,DEMAR,DEMAR-518-35,hemiptera,5
Naxos,DEMAR,DEMAR-518-35,araneae,1
Naxos,DEMAR,DEMAR-518-35,gastropoda,1
Naxos,DEMAR,DEMAR-518-32,coleoptera,2
Naxos,DEMAR,DEMAR-518-32,hemiptera,5
Naxos,DEMAR,DEMAR-518-32,araneae,3
Naxos,DEMAR,DEMAR-518-38,coleoptera,3
Naxos,DEMAR,DEMAR-518-38,hemiptera,1
Naxos,DEMAR,DEMAR-518-38,hymenoptera,2
Naxos,DEMAR,DEMAR-518-38,lepidoptera_larvae,1
Naxos,DEMAR,DEMAR-518-31,coleoptera,1
Naxos,DEMAR,DEMAR-518-31,araneae,1
Naxos,DEMAR,DEMAR-518-23,hemiptera,1
Naxos,DEMAR,DEMAR-518-23,orthoptera,1
Naxos,DEMAR,DEMAR-518-26,spider_egg,1
Naxos,DEMAR,DEMAR-518-26,araneae,1
Naxos,DEMAR,DEMAR-518-28,orthoptera,1
Naxos,DEMAR,DEMAR-518-28,araneae,1
Naxos,DEMAR,DEMAR-518-07,coleoptera,2
Naxos,DEMAR,DEMAR-518-07,orthoptera,1
Naxos,DEMAR,DEMAR-518-13,hemiptera,1
Naxos,DEMAR,DEMAR-518-13,hymenoptera,1
Naxos,DEMAR,DEMAR-518-13,araneae,1
Naxos,DEMAR,DEMAR-518-13,seed,1
