island,site,trap,trap_id,coleoptera,diptera,hemiptera,hymenoptera,lepidoptera,orthoptera,blattodea,collembola,dermaptera,embioptera,isoptera,neuroptera,psocoptera,thysanura,coleoptera_larvae,diptera_larvae,lepidoptera_larvae,acari,araneae,chilopoda,isopoda,opilliones,pseudoscorpiones,gastropoda,gecko,lizard,raphidioptera,homoptera
Amorgos,AMORGOS,2,AMORGOS-2,20,12,7,9,1,0,0,0,0,0,0,0,0,0,1,0,0,0,3,0,0,0,0,0,0,0,0,0
Amorgos,AMORGOS,3,AMORGOS-3,22,15,35,17,0,0,0,0,0,0,0,0,0,0,1,0,0,0,3,0,0,0,0,0,0,0,0,0
Amorgos,AMORGOS,4,AMORGOS-4,11,6,13,15,0,0,0,1,0,0,0,0,0,0,0,0,0,2,0,0,1,0,0,0,0,0,0,0
Amorgos,AMORGOS,5,AMORGOS-5,4,0,2,14,0,0,0,2,0,0,0,0,0,0,0,0,0,6,1,0,2,0,0,0,0,0,0,0
Amorgos,AMORGOS,6,AMORGOS-6,23,8,6,10,0,0,0,0,0,0,0,0,0,0,0,0,0,1,0,0,0,0,0,0,0,0,0,0
Amorgos,AMORGOS,7,AMORGOS-7,51,13,20,12,0,0,0,1,0,0,0,0,0,0,0,0,0,0,2,0,0,0,0,0,0,0,0,0
Amorgos,AMORGOS,8,AMORGOS-8,17,5,8,3,0,0,0,0,0,0,0,0,0,0,0,0,0,0,1,0,0,0,0,0,0,0,0,0
Amorgos,AMORGOS,9,AMORGOS-9,41,9,17,380,0,0,0,0,0,0,0,0,0,0,1,0,0,8,23,0,0,0,0,0,0,0,0,0
Amorgos,AMROGO,1,AMROGO-1,40,15,7,61,0,0,0,0,0,0,0,0,0,0,0,0,0,2,2,0,1,0,0,0,0,0,0,0
Artemios,ARTEMIOS,1,ARTEMIOS-1,48,103,36,35,0,0,0,0,0,0,0,0,8,0,1,0,0,0,1,0,0,0,0,1,0,0,0,0
Artemios,ARTEMIOS,2,ARTEMIOS-2,49,2,2,6,0,0,0,0,0,0,0,0,7,0,0,0,0,0,3,0,8,0,0,0,0,0,0,0
Artemios,ARTEMIOS,3,ARTEMIOS-3,51,185,19,34,0,0,0,0,0,0,0,0,30,0,1,0,0,0,2,0,0,0,0,0,0,0,0,0
Artemios,ARTEMIOS,4,ARTEMIOS-4,65,120,10,14,0,0,0,0,0,0,0,0,1,0,1,0,0,0,6,0,0,0,0,1,0,0,0,0
Artemios,ARTEMIOS,5,ARTEMIOS-5,15,7,1,15,0,0,0,0,0,0,0,0,0,0,0,0,0,0,0,0,1,0,0,0,0,0,0,0
Artemios,ARTEMIOS,6,ARTEMIOS-6,4,9,1,1,1,0,0,0,0,0,0,0,0,1,0,0,0,0,1,0,7,0,0,0,0,0,0,0
Artemios,ARTEMIOS,7,ARTEMIOS-7,25,50,11,28,0,0,0,0,0,0,0,0,3,0,1,1,0,2,0,0,1,0,0,0,0,0,0,0
Artemios,ARTEMIOS,8,ARTEMIOS-8,0,39,11,36,0,0,0,0,0,0,0,0,0,0,0,0,0,0,1,0,0,0,0,0,0,0,0,0
Artemios,ARTEMIOS,9,ARTEMIOS-9,0,22,14,36,1,0,0,0,0,0,0,0,0,0,0,0,0,0,1,0,0,0,0,1,0,0,0,0
Aspronisi,ASPRO,1,ASPRO-1,3,0,1,6,0,0,0,0,0,0,0,0,1,0,0,0,0,0,2,0,0,0,0,0,0,0,0,0
Aspronisi,ASPRO,2,ASPRO-2,2,1,2,2,0,0,0,0,0,0,0,0,0,1,0,0,0,0,0,0,0,0,0,0,0,0,0,0
Aspronisi,ASPRO,3,ASPRO-3,5,0,11,16,0,0,0,0,0,0,0,0,20,0,0,2,0,0,4,0,0,0,0,0,0,0,0,0
Aspronisi,ASPRO,4,ASPRO-4,0,0,0,2,0,0,0,0,0,0,0,0,0,0,0,0,0,0,1,0,0,0,0,0,0,0,0,0
Aspronisi,ASPRO,5,ASPRO-5,1,0,5,2,0,0,0,0,0,0,0,0,3,0,0,0,0,0,6,0,0,0,0,0,0,0,0,0
Aspronisi,ASPRO,6,ASPRO-6,3,0,0,2,0,0,0,0,0,0,0,0,0,0,0,0,1,0,0,0,0,0,0,0,0,0,0,0
Aspronisi,ASPRO,7,ASPRO-7,4,0,1,2,0,0,0,0,0,0,0,0,3,1,0,0,0,0,0,0,2,0,0,0,0,0,0,0
Aspronisi,ASPRONISI(2),1,ASPRONISI(2)-1,5,6,8,245,0,0,0,0,0,0,0,0,2,1,0,0,0,0,3,0,0,0,0,0,0,1,0,0
Aspronisi,ASPRONISI(2),2,ASPRONISI(2)-2,10,4,7,5,0,0,0,0,0,0,0,0,0,0,0,0,0,0,1,0,0,0,0,0,0,0,0,0
Aspronisi,ASPRONISI(2),3,ASPRONISI(2)-3,13,12,9,11,4,0,0,0,0,0,0,0,2,0,0,0,0,0,1,0,0,0,0,0,0,0,0,0
Aspronisi,ASPRONISI(2),4,ASPRONISI(2)-4,4,10,4,11,0,0,0,0,0,0,0,0,0,0,0,0,0,0,0,0,0,0,0,0,0,0,0,0
Aspronisi,ASPRONISI(2),5,ASPRONISI(2)-5,11,6,6,1,0,0,0,0,0,0,0,0,3,1,0,0,0,0,3,0,0,0,0,0,0,0,0,0
Aspronisi,ASPRONISI(2),6,ASPRONISI(2)-6,5,10,3,8,0,0,0,0,0,0,0,0,1,1,0,0,0,1,2,0,0,0,1,0,0,0,0,0
Aspronisi,ASPRONISI(2),7,ASPRONISI(2)-7,6,9,4,1,0,0,0,1,0,0,0,0,1,1,0,0,0,0,1,0,0,0,0,0,0,0,0,0
Aspronisi,ASPRONISI(2),8,ASPRONISI(2)-8,4,7,4,3,0,0,0,0,0,0,0,0,5,0,0,0,0,0,3,0,0,0,0,0,0,0,0,0
Aspronisi,ASPRONISI(2),9,ASPRONISI(2)-9,3,6,3,9,0,0,0,0,1,0,0,0,0,2,0,0,0,0,0,0,0,0,0,0,0,0,0,0
Fidoussa,FIDOUSSA,1,FIDOUSSA-1,3,4,4,6,0,0,0,1,0,0,0,0,0,0,0,0,0,0,0,0,0,0,0,0,0,0,0,0
Fidoussa,FIDOUSSA,2,FIDOUSSA-2,21,16,5,7,0,0,0,0,0,0,0,0,0,0,0,0,0,1,0,0,0,0,0,0,0,0,0,0
Fidoussa,FIDOUSSA,3,FIDOUSSA-3,9,6,0,39,0,0,0,0,0,0,0,0,0,0,0,0,0,3,2,0,0,0,0,0,0,0,0,0
Fidoussa,FIDOUSSA,4,FIDOUSSA-4,4,7,0,2,0,0,0,0,0,0,0,0,0,0,0,0,0,0,1,0,0,0,0,0,0,0,0,0
Fidoussa,FIDOUSSA,5,FIDOUSSA-5,6,0,1,14,0,0,0,0,0,0,0,0,0,0,0,0,0,2,3,0,0,0,0,0,0,0,0,0
Fidoussa,FIDOUSSA,6,FIDOUSSA-6,6,3,3,8,0,0,0,0,0,0,0,0,0,0,0,0,0,1,3,0,0,0,0,0,0,0,0,0
Fidoussa,FIDOUSSA,7,FIDOUSSA-7,0,7,3,3,0,0,0,0,0,0,0,0,0,0,0,0,0,3,1,0,0,0,0,0,0,0,0,0
Fidoussa,FIDOUSSA,8,FIDOUSSA-8,1,7,2,9,0,0,0,0,0,0,0,0,0,0,0,0,0,1,0,0,0,0,0,0,0,0,0,0
Fidoussa,FIDOUSSA,9,FIDOUSSA-9,3,2,0,2,0,0,0,0,0,0,0,0,0,0,0,0,0,0,2,0,0,0,0,0,0,0,0,0
Galiat,GALIAT,1,GALIAT-1,0,43,7,4,0,0,0,0,0,0,0,0,0,0,0,0,0,0,1,0,0,0,0,0,0,0,0,0
Galiat,GALIAT,2,GALIAT-2,0,65,8,11,1,1,0,0,0,0,0,0,0,0,0,0,0,0,0,0,0,0,0,0,0,0,0,0
Galiat,GALIAT,3,GALIAT-3,2,46,8,870,0,0,0,0,0,0,0,0,0,0,0,0,0,6,12,0,0,0,0,0,1,0,0,0
Galiat,GALIAT,4,GALIAT-4,5,20,5,4,0,0,0,0,0,0,0,0,0,0,0,0,0,4,1,0,4,0,0,0,0,0,0,0
Galiat,GALIAT,5,GALIAT-5,3,39,1,49,0,0,0,0,0,0,0,0,0,0,0,0,0,2,9,0,2,0,0,0,0,0,0,0
Galiat,GALIAT,6,GALIAT-6,18,76,7,148,0,1,0,0,0,0,0,0,0,0,0,0,0,1,3,0,1,0,0,0,0,0,0,0
Galiat,GALIAT,7,GALIAT-7,3,31,11,6,0,1,0,0,0,0,0,0,2,0,0,1,0,0,1,0,0,0,0,0,0,0,0,0
Galiat,GALIAT,8,GALIAT-8,11,72,15,9,0,0,0,0,0,0,0,0,1,0,0,0,0,1,0,0,0,0,0,0,0,0,0,0
Galiat,GALIAT,9,GALIAT-9,1,25,8,9,0,0,0,0,0,0,0,0,0,0,0,0,1,1,1,0,9,0,0,0,0,0,0,0
Gramvoussa,GRAMVOUSSA,1,GRAMVOUSSA-1,3,24,9,13,0,0,0,1,0,0,0,0,0,0,0,0,0,0,1,0,0,0,0,0,0,0,0,0
Gramvoussa,GRAMVOUSSA,2,GRAMVOUSSA-2,2,11,2,11,0,0,0,0,0,0,0,0,0,0,0,1,0,1,0,0,0,0,0,1,0,1,0,0
Gramvoussa,GRAMVOUSSA,3,GRAMVOUSSA-3,2,15,48,13,0,0,0,0,0,0,0,0,0,0,0,0,0,1,0,0,0,0,0,0,0,0,0,0
Gramvoussa,GRAMVOUSSA,4,GRAMVOUSSA-4,2,12,14,9,0,0,0,0,0,0,0,0,0,0,0,0,0,0,2,0,0,0,0,0,0,0,0,0
Gramvoussa,GRAMVOUSSA,5,GRAMVOUSSA-5,2,6,6,6,0,0,0,0,0,0,0,0,0,0,0,0,0,1,1,0,0,0,0,0,0,0,0,0
Gramvoussa,GRAMVOUSSA,6,GRAMVOUSSA-6,3,8,6,5,0,1,0,4,0,0,0,0,0,0,0,0,0,1,0,0,1,0,0,0,0,0,0,0
Gramvoussa,GRAMVOUSSA,7,GRAMVOUSSA-7,2,0,11,3,0,0,0,1,0,0,0,0,0,0,0,0,0,0,0,0,0,0,0,0,0,0,0,0
Gramvoussa,GRAMVOUSSA,8,GRAMVOUSSA-8,0,3,5,3,0,0,0,0,0,0,0,0,0,0,0,0,0,1,0,0,0,0,0,0,0,0,0,0
Gramvoussa,GRAMVOUSSA,9,GRAMVOUSSA-9,0,2,11,7,0,0,0,4,0,0,0,0,0,0,0,0,0,0,1,0,0,0,0,0,0,0,0,0
Ios,IOS,1,IOS-1,2,3,12,3,0,0,0,0,0,2,0,0,0,0,0,0,0,3,2,0,0,0,0,0,0,0,0,0
Ios,IOS,2,IOS-2,2,1,18,12,0,0,0,0,0,2,0,0,0,0,0,0,0,0,0,0,0,0,0,0,0,0,0,0
Ios,IOS,3,IOS-3,3,1,15,14,0,0,0,0,0,0,0,0,0,1,0,0,0,0,0,0,1,0,0,0,0,0,0,0
Ios,IOS,4,IOS-4,0,2,12,10,0,0,0,0,0,0,0,0,0,1,0,0,0,0,0,0,0,0,0,0,0,0,0,0
Ios,IOS,5,IOS-5,3,0,5,3,0,0,0,0,0,1,0,0,0,0,0,0,0,0,0,0,2,0,0,0,0,0,0,0
Ios,IOS,6,IOS-6,4,0,21,4,0,0,0,0,0,0,0,0,0,0,0,0,0,0,1,0,0,0,0,0,0,0,0,0
Ios,IOS,7,IOS-7,0,1,6,9,0,0,0,0,0,0,0,0,0,0,0,0,0,0,1,0,0,0,0,0,0,0,0,0
Ios,IOS,8,IOS-8,1,0,3,4,0,0,0,1,0,0,0,0,0,0,1,0,0,0,1,0,0,0,1,0,0,0,0,0
Ios,IOS,9,IOS-9,3,0,9,4,0,0,0,0,0,1,0,0,0,0,0,0,0,0,0,0,0,0,0,0,0,0,0,0
Iraklia,IRAKLIA,1,IRAKLIA-1,5,6,1,7,0,0,0,2,0,0,0,0,0,0,0,0,0,0,2,0,0,0,0,0,0,0,0,0
Iraklia,IRAKLIA,2,IRAKLIA-2,1,71,0,17,0,0,0,0,0,0,0,0,0,0,1,0,0,0,6,1,0,0,0,0,0,0,0,0
Iraklia,IRAKLIA,3,IRAKLIA-3,8,16,2,21,0,0,0,0,0,0,0,0,0,0,0,0,0,2,2,0,0,0,0,0,0,0,0,0
Iraklia,IRAKLIA,4,IRAKLIA-4,2,2,3,5,0,0,0,2,0,0,0,0,0,0,0,0,0,3,2,1,1,0,0,0,0,0,0,0
Iraklia,IRAKLIA,5,IRAKLIA-5,5,8,0,7,0,0,0,0,0,0,0,0,0,0,0,0,0,1,4,0,0,0,0,0,0,0,0,0
Iraklia,IRAKLIA,6,IRAKLIA-6,1,9,1,6,0,0,1,0,0,0,0,0,0,0,0,0,0,3,3,0,0,0,0,0,0,0,0,0
Iraklia,IRAKLIA,7,IRAKLIA-7,0,5,1,1,0,0,0,2,0,0,0,0,0,0,0,0,0,0,0,0,0,0,0,0,0,0,0,0
Iraklia,IRAKLIA,8,IRAKLIA-8,6,11,2,5,0,0,0,0,0,0,0,0,0,0,0,0,0,1,2,0,0,0,0,0,0,0,0,0
Iraklia,IRAKLIA,9,IRAKLIA-9,7,1,3,4,0,0,0,7,0,0,0,0,0,1,0,0,0,3,2,0,0,0,0,0,0,0,0,0
Kali,KALI,1,KALI-1,0,0,0,0,0,0,0,0,0,0,0,0,0,0,0,0,0,0,0,0,0,0,0,0,0,0,0,0
Kali,KALI,2,KALI-2,10,105,60,162,1,0,0,0,0,0,0,0,0,0,0,0,0,0,11,0,2,0,0,0,0,0,0,0
Kali,KALI,3,KALI-3,113,26,19,104,1,0,0,0,0,0,0,0,0,0,0,0,0,1,3,0,783,0,0,3,0,0,0,0
Kali,KALI,4,KALI-4,41,70,127,229,0,0,0,0,0,0,0,0,0,0,1,0,0,0,3,0,79,0,0,0,0,0,0,0
Kali,KALI,5,KALI-5,16,266,124,68,0,0,0,0,0,0,0,0,0,0,0,0,0,1,0,0,844,0,0,0,0,0,0,0
Kali,KALI,6,KALI-6,10,27,23,32,1,0,0,0,0,0,0,0,0,0,0,0,0,0,1,0,222,0,0,0,0,0,0,0
Kali,KALI,7,KALI-7,9,55,74,76,0,0,0,0,0,0,0,0,0,0,1,0,0,0,3,0,59,0,0,2,0,0,0,0
Kali,KALI,8,KALI-8,5,14,9,217,0,0,0,0,0,0,0,0,0,0,1,0,0,2,4,0,15,0,0,0,0,0,0,0
Kali,KALI,9,KALI-9,8,38,7,21,0,0,0,0,0,1,0,0,0,0,0,0,0,1,1,0,0,0,0,0,0,0,0,0
Kambana,KAMBANA,1,KAMBANA-1,1,20,2,1,0,0,0,0,0,0,0,0,0,0,0,0,0,0,0,0,0,0,0,0,0,0,0,0
Kambana,KAMBANA,2,KAMBANA-2,7,2,0,7,0,0,0,0,0,0,0,0,0,0,2,0,1,0,2,0,2,0,0,1,0,0,0,0
Kambana,KAMBANA,3,KAMBANA-3,12,20,2,14,0,0,0,0,0,0,0,0,3,0,1,0,3,1,1,0,1,0,1,0,0,0,0,0
Kambana,KAMBANA,4,KAMBANA-4,7,30,1,3,0,0,0,0,0,0,0,0,0,0,0,0,1,6,2,1,2,0,0,1,0,0,0,0
Kambana,KAMBANA,5,KAMBANA-5,0,2,0,0,0,0,0,0,0,0,0,0,0,0,0,0,1,0,0,0,0,0,0,0,0,0,0,0
Kambana,KAMBANA,6,KAMBANA-6,16,11,3,4,0,0,0,1,0,0,0,0,0,1,0,0,0,0,4,1,1,0,0,1,0,0,0,0
Kambana,KAMBANA,7,KAMBANA-7,7,16,1,10,1,0,0,0,0,0,0,0,0,0,1,0,0,1,5,0,0,0,0,0,1,0,0,0
Kambana,KAMBANA,8,KAMBANA-8,24,13,5,7,0,0,0,0,0,0,0,0,0,1,0,0,2,0,3,0,0,0,0,0,0,0,0,0
Kambana,KAMBANA,9,KAMBANA-9,27,30,2,11,0,1,0,0,0,0,0,0,0,0,1,0,0,0,1,0,0,0,0,0,0,0,0,0
Kidoni,KIDONI,1,KIDONI-1,1,0,0,3,0,0,0,0,0,0,0,0,0,0,0,0,0,0,6,0,0,0,0,0,0,0,0,0
Kidoni,KIDONI,2,KIDONI-2,6,18,6,9,2,0,0,0,0,0,0,0,0,0,0,0,0,0,9,0,1,0,0,0,0,0,0,0
Kidoni,KIDONI,3,KIDONI-3,0,6,4,1,0,0,0,0,0,0,0,0,0,0,0,0,0,0,0,0,0,0,0,0,0,0,0,0
Kidoni,KIDONI,4,KIDONI-4,0,18,4,5,0,0,0,0,0,0,0,0,0,0,0,0,0,0,0,0,0,0,0,0,0,0,0,0
Kidoni,KIDONI,5,KIDONI-5,0,18,2,3,3,0,0,0,0,0,0,0,0,0,0,0,0,0,0,0,0,0,0,0,0,0,0,0
Kidoni,KIDONI,6,KIDONI-6,1,23,1,11,0,0,0,0,0,0,0,0,0,0,0,0,0,0,5,0,0,0,0,0,0,0,0,0
Kidoni,KIDONI,7,KIDONI-7,0,15,1,8,2,0,0,0,0,0,0,0,0,0,1,0,0,0,2,0,0,0,0,0,0,0,0,0
Kidoni,KIDONI,8,KIDONI-8,0,8,1,1,3,0,0,0,0,0,0,0,0,0,0,0,0,0,0,0,0,0,0,0,0,0,0,0
Kidoni,KIDONI,9,KIDONI-9,0,7,2,0,0,0,0,0,0,0,0,0,0,0,0,0,0,0,0,0,0,0,0,0,0,0,0,0
Kisiri,KISIRI,1,KISIRI-1,2,46,2,22,0,0,0,0,0,0,0,0,0,1,1,0,0,1,0,0,0,0,0,0,0,0,0,0
Kisiri,KISIRI,2,KISIRI-2,0,47,4,4,0,0,0,0,0,0,0,0,0,0,0,0,0,0,0,0,1,0,0,0,0,0,0,0
Kisiri,KISIRI,3,KISIRI-3,0,21,6,3,0,0,0,0,0,0,0,0,0,1,0,0,0,0,0,0,0,0,0,0,0,0,0,0
Kisiri,KISIRI,4,KISIRI-4,3,9,0,4,0,0,0,0,0,0,0,0,0,0,0,0,0,0,0,0,0,0,0,0,0,0,0,0
Kisiri,KISIRI,5,KISIRI-5,0,9,2,0,0,0,0,0,0,0,0,0,0,0,0,0,0,0,0,0,0,0,0,0,0,0,0,0
Kisiri,KISIRI,6,KISIRI-6,1,161,8,16,0,0,0,0,0,0,0,0,0,0,0,0,0,0,0,0,0,0,0,0,0,0,0,0
Kisiri,KISIRI,7,KISIRI-7,0,27,3,2,0,1,0,0,0,0,0,0,0,0,0,0,0,0,0,0,0,0,0,0,0,0,0,0
Kisiri,KISIRI,8,KISIRI-8,0,3,1,1,0,0,0,0,0,0,0,0,0,0,0,0,0,0,0,0,0,0,0,0,0,0,0,0
Kisiri,KISIRI,9,KISIRI-9,0,5,0,0,0,0,0,0,0,0,0,0,0,0,0,0,0,0,0,0,0,0,0,0,0,0,0,0
Mando,MANDO,1,MANDO-1,11,0,0,19,0,0,0,1,0,0,0,0,0,0,0,0,0,0,0,0,1,0,0,0,0,0,0,0
Mando,MANDO,2,MANDO-2,24,1,6,52,0,0,0,32,0,0,0,0,0,0,0,0,0,0,1,0,0,0,0,0,0,0,0,0
Mando,MANDO,3,MANDO-3,17,2,1,177,0,0,0,2,0,0,0,0,0,0,0,0,1,1,2,0,0,0,0,0,0,1,0,0
Mando,MANDO,4,MANDO-4,12,1,4,5,0,0,0,2,0,0,0,0,0,0,0,0,0,1,1,0,0,0,0,0,0,1,0,0
Mando,MANDO,5,MANDO-5,11,0,1,5,0,0,0,0,0,0,0,0,0,0,0,1,0,0,0,0,1,0,0,0,0,1,0,0
Mando,MANDO,6,MANDO-6,3,0,0,0,0,0,0,0,0,0,0,0,0,0,0,0,0,0,0,0,0,0,0,0,0,1,0,0
Mando,MANDO,7,MANDO-7,11,2,9,131,0,0,0,4,0,0,0,0,0,0,0,0,0,3,2,0,0,0,0,0,0,0,0,0
Mando,MANDO,8,MANDO-8,25,3,0,216,0,0,0,2,0,0,0,0,0,0,0,0,0,0,7,0,0,0,0,1,0,0,0,0
Mando,MANDO,9,MANDO-9,16,0,0,22,0,0,0,0,0,0,0,0,0,1,0,0,0,1,0,1,6,0,0,0,0,1,0,0
Mando,MANDO(2),1,MANDO(2)-1,18,23,11,17,0,0,0,36,0,0,0,0,0,0,0,0,0,1,0,0,1,0,0,0,0,0,0,0
Mando,MANDO(2),2,MANDO(2)-2,26,16,3,26,0,0,0,3,0,0,0,0,0,0,0,0,0,0,0,0,0,0,0,0,0,0,0,0
Mando,MANDO(2),3,MANDO(2)-3,14,49,4,36,0,0,0,4,0,0,0,0,0,0,0,0,0,6,1,0,0,0,3,0,0,0,0,0
Mando,MANDO(2),4,MANDO(2)-4,22,13,46,9,0,0,0,6,0,0,0,0,0,0,0,0,0,0,0,0,0,0,0,0,0,0,0,0
Mando,MANDO(2),5,MANDO(2)-5,16,30,1,11,0,0,0,0,0,0,0,0,0,0,0,0,2,10,0,0,0,0,0,1,0,0,0,0
Mando,MANDO(2),6,MANDO(2)-6,8,18,3,2,1,0,0,1,0,0,0,0,0,0,0,0,0,0,0,0,0,0,1,0,0,0,0,0
Mando,MANDO(2),7,MANDO(2)-7,8,18,3,60,0,0,0,0,0,0,0,0,1,0,0,0,0,0,8,0,0,0,0,1,0,0,0,0
Mando,MANDO(2),8,MANDO(2)-8,18,27,11,16,0,0,0,0,0,0,0,0,2,0,0,0,0,4,4,0,0,0,0,0,0,0,0,0
Mando,MANDO(2),9,MANDO(2)-9,18,21,3,22,0,0,0,0,0,0,0,0,0,0,0,0,0,3,1,0,0,0,0,0,0,0,0,0
Mavron,NMAVRON,1,NMAVRON-1,0,0,0,11,0,0,0,0,0,0,0,0,3,0,0,0,0,0,2,0,1,0,0,0,0,0,0,0
Mavron,NMAVRON,2,NMAVRON-2,0,0,0,0,0,0,0,0,0,0,0,0,0,0,0,0,0,0,0,0,0,0,0,0,0,0,0,0
Mavron,NMAVRON,3,NMAVRON-3,0,0,0,0,0,0,0,0,0,0,0,0,0,0,0,0,0,0,0,0,0,0,0,0,0,0,0,0
Mavron,NMAVRON,4,NMAVRON-4,0,0,0,0,0,0,0,0,0,0,0,0,0,0,0,0,0,0,0,0,0,0,0,0,0,0,0,0
Mavron,NMAVRON,5,NMAVRON-5,8,0,0,16,0,0,0,0,0,0,0,0,1,0,0,0,0,0,0,0,0,0,0,0,0,0,0,0
Mavron,NMAVRON,6,NMAVRON-6,1,18,7,22,1,1,0,0,0,0,0,0,0,0,0,0,0,0,3,0,0,0,0,0,0,0,0,0
Mavron,NMAVRON,7,NMAVRON-7,5,45,15,29,0,1,0,0,0,0,0,0,0,0,0,0,0,0,1,0,0,0,0,0,0,0,0,0
Mavron,NMAVRON,8,NMAVRON-8,6,18,11,14,0,0,0,0,0,0,0,0,1,0,1,0,0,0,2,0,0,0,0,0,1,0,0,0
Mavron,NMAVRON,9,NMAVRON-9,1,29,12,14,0,0,0,0,0,0,0,0,1,4,0,0,0,1,0,0,6,0,0,0,1,0,0,0
Mavron,SMAVRON,1,SMAVRON-1,3,41,19,46,1,0,0,0,0,0,0,0,0,0,0,0,0,0,0,0,0,0,0,1,1,0,0,0
Mavron,SMAVRON,2,SMAVRON-2,0,32,6,8,1,0,0,0,0,0,0,0,0,1,0,0,0,0,0,0,0,0,0,0,0,0,0,0
Mavron,SMAVRON,3,SMAVRON-3,1,29,7,27,0,0,0,0,0,0,0,0,0,0,0,0,0,0,0,0,2,0,0,0,0,0,0,0
Mavron,SMAVRON,4,SMAVRON-4,0,41,14,14,1,0,0,0,0,0,0,0,0,0,0,0,0,0,0,0,1,0,0,0,0,0,0,0
Mavron,SMAVRON,5,SMAVRON-5,1,36,7,9,0,0,0,0,0,0,0,0,0,0,0,0,0,0,0,0,0,0,0,0,0,0,0,0
Mavron,SMAVRON,6,SMAVRON-6,28,48,19,122,0,0,0,0,0,0,0,0,0,0,0,0,0,1,0,0,0,0,0,0,0,0,0,0
Mavron,SMAVRON,7,SMAVRON-7,0,66,5,35,1,0,0,0,0,0,0,0,1,0,0,0,0,0,3,0,1,0,0,0,0,0,0,0
Mavron,SMAVRON,8,SMAVRON-8,0,18,17,74,0,0,0,0,0,0,0,0,0,1,0,0,0,0,0,0,9,0,0,0,1,0,0,0
Mavron,SMAVRON,9,SMAVRON-9,2,44,6,345,0,0,0,0,0,0,0,0,0,0,0,0,0,0,0,0,0,0,0,0,0,0,0,0
Naxos,DEMAR,1,DEMAR-1,0,14,1,9,0,0,0,0,0,0,0,0,0,0,0,0,0,0,0,0,0,0,0,0,0,0,0,0
Naxos,DEMAR,2,DEMAR-2,1,10,2,7,0,0,0,0,0,0,0,0,0,0,0,0,0,1,0,0,0,0,0,0,0,0,0,0
Naxos,DEMAR,3,DEMAR-3,3,14,0,1,0,0,0,2,0,0,0,0,0,0,0,0,0,0,1,0,0,0,0,0,0,0,0,0
Naxos,DEMAR,4,DEMAR-4,2,4,0,8,0,0,0,0,0,0,0,0,0,0,0,0,0,1,1,0,1,0,0,0,0,0,0,0
Naxos,DEMAR,5,DEMAR-5,2,7,2,7,0,0,0,0,0,0,0,0,0,0,0,0,0,2,0,0,0,0,0,0,0,0,0,0
Naxos,DEMAR,6,DEMAR-6,3,8,2,2,0,0,0,0,0,0,0,0,0,0,0,0,0,0,2,0,0,0,0,0,0,0,0,1
Naxos,DEMAR,7,DEMAR-7,3,11,7,9,0,0,0,0,0,0,0,0,0,0,0,0,0,2,0,0,0,0,0,0,0,0,0,0
Naxos,DEMAR,8,DEMAR-8,0,15,2,2,0,0,0,0,0,0,0,0,0,0,0,0,0,0,1,0,0,0,0,0,0,0,0,0
Naxos,DEMAR,9,DEMAR-9,0,49,7,2,0,0,0,1,0,0,0,0,0,0,0,0,0,1,0,0,0,0,0,0,0,0,0,0
Naxos,DEMAR,10,DEMAR-10,3,10,1,5,0,0,0,0,0,0,0,0,0,0,0,0,0,2,1,0,0,0,0,0,0,0,0,0
Naxos,DEMAR,11,DEMAR-11,2,17,1,23,0,0,0,1,0,0,0,0,0,0,0,0,0,1,3,0,0,0,1,0,0,0,0,0
Naxos,DEMAR,12,DEMAR-12,4,5,1,2,0,0,0,0,0,0,0,0,0,0,0,0,0,1,0,0,0,0,0,0,0,0,0,0
Naxos,EMONI,1,EMONI-1,4,56,0,2,0,0,0,1,0,5,0,0,0,0,0,0,0,0,0,0,0,0,0,1,0,0,0,0
Naxos,EMONI,2,EMONI-2,1,6,0,43,0,0,0,0,0,0,0,0,0,0,0,0,0,0,1,0,0,0,0,0,0,0,0,0
Naxos,EMONI,3,EMONI-3,0,7,1,7,0,0,0,0,0,0,0,0,0,0,0,0,0,0,0,0,0,0,0,1,0,0,0,0
Naxos,EMONI,4,EMONI-4,0,13,2,15,0,1,0,0,0,0,0,0,0,0,0,0,0,0,0,0,0,0,0,0,0,0,0,0
Naxos,EMONI,5,EMONI-5,0,15,0,5,0,0,0,0,0,0,0,0,0,0,0,0,0,0,0,0,0,0,0,0,0,0,0,0
Naxos,EMONI,6,EMONI-6,0,10,0,3,0,0,0,0,0,0,0,0,0,0,0,0,0,0,0,0,0,0,0,0,0,1,0,0
Naxos,EMONI,7,EMONI-7,1,25,0,9,1,0,0,0,0,0,0,0,0,0,0,0,0,0,1,0,0,0,0,0,0,0,0,0
Naxos,EMONI,8,EMONI-8,4,10,3,7,0,0,0,0,0,0,0,0,0,0,0,0,0,0,0,0,0,0,0,0,0,0,0,0
Naxos,EMONI,9,EMONI-9,2,22,0,7,0,0,0,0,0,0,0,0,0,0,0,0,0,1,0,0,0,0,0,0,0,0,0,0
Naxos,EMONI,10,EMONI-10,0,4,0,9,0,0,0,0,0,0,0,0,0,0,0,0,0,1,1,0,0,0,0,0,0,0,0,0
Naxos,EMONI,11,EMONI-11,2,12,1,5,0,0,0,0,0,1,0,0,0,0,0,0,0,0,1,0,0,0,0,0,0,0,0,0
Naxos,EMONI,12,EMONI-12,1,1,0,6,0,0,0,0,0,0,0,0,0,0,0,0,0,1,0,0,0,0,0,0,0,0,0,0
Naxos,MALYKO,1,MALYKO-1,15,15,0,14,0,0,0,0,0,1,0,0,0,0,0,0,0,0,0,0,0,0,0,0,0,0,0,0
Naxos,MALYKO,2,MALYKO-2,9,18,0,11,0,0,0,3,0,0,0,0,0,1,0,0,0,1,0,0,0,0,0,0,0,0,0,0
Naxos,MALYKO,3,MALYKO-3,13,18,0,11,0,0,0,0,0,0,0,0,2,0,0,0,0,0,0,0,0,0,0,0,0,0,0,0
Naxos,MALYKO,4,MALYKO-4,30,11,1,4,0,0,0,0,0,1,0,0,0,0,0,0,0,1,2,0,0,0,0,0,0,0,0,0
Naxos,MALYKO,5,MALYKO-5,10,84,1,11,0,0,0,0,0,0,0,0,0,0,0,0,0,0,0,0,1,0,0,0,0,0,0,0
Naxos,MALYKO,6,MALYKO-6,12,35,1,9,0,0,0,0,0,0,0,0,1,0,0,0,0,1,0,0,0,0,0,0,0,0,0,0
Naxos,MALYKO,7,MALYKO-7,14,18,3,20,0,0,0,0,0,1,0,0,0,0,0,0,0,0,1,0,0,0,0,0,0,0,0,0
Naxos,MALYKO,8,MALYKO-8,0,0,0,0,0,0,0,0,0,0,0,0,0,0,0,0,0,0,0,0,0,0,0,0,0,0,0,0
Naxos,MALYKO,9,MALYKO-9,15,42,33,31,1,0,0,0,0,0,0,0,0,0,0,0,0,1,1,0,1,0,0,0,0,0,0,0
Naxos,MALYKO,10,MALYKO-10,21,11,3,7,0,0,0,0,0,0,0,0,0,0,0,0,0,1,0,0,0,0,0,0,0,0,0,0
Naxos,MALYKO,11,MALYKO-11,13,27,7,12,0,0,0,0,0,0,0,0,0,0,0,0,0,1,0,0,0,0,0,0,0,0,0,0
Naxos,MALYKO,12,MALYKO-12,12,21,9,8,0,0,0,0,0,0,0,0,7,0,0,0,0,1,0,0,0,0,0,0,0,0,0,0
Naxos,NALYKO,1,NALYKO-1,1,50,0,1,0,0,0,0,0,0,0,0,0,0,0,0,0,0,2,1,0,0,0,0,0,0,0,0
Naxos,NALYKO,2,NALYKO-2,5,16,0,3,0,0,0,0,0,0,0,0,0,0,0,0,0,0,0,0,0,0,0,0,0,0,0,0
Naxos,NALYKO,3,NALYKO-3,11,54,0,5,0,0,0,0,0,0,0,0,0,0,0,0,0,0,0,0,0,0,0,0,0,0,0,0
Naxos,NALYKO,4,NALYKO-4,2,7,2,2,0,0,0,0,0,0,0,0,0,0,0,0,0,2,0,0,0,0,0,0,0,0,0,0
Naxos,NALYKO,5,NALYKO-5,10,9,1,13,0,0,0,0,0,0,0,0,0,0,0,0,0,0,0,0,0,0,0,0,0,0,0,0
Naxos,NALYKO,6,NALYKO-6,3,6,0,2,0,0,0,0,0,0,0,0,0,0,0,0,0,0,0,0,0,0,0,0,0,0,0,0
Naxos,NALYKO,7,NALYKO-7,9,24,3,17,0,0,0,0,0,0,0,0,0,1,0,0,0,0,0,0,0,0,0,0,0,0,0,0
Naxos,NALYKO,8,NALYKO-8,4,18,0,7,0,0,0,0,0,0,0,0,0,1,0,0,0,1,0,0,0,0,0,0,0,0,0,0
Naxos,NALYKO,9,NALYKO-9,1,6,2,11,0,0,0,0,0,0,0,0,0,0,0,0,0,0,0,0,0,0,0,0,0,0,0,0
Naxos,NALYKO,10,NALYKO-10,7,12,1,6,0,0,0,0,0,0,0,0,0,0,0,0,0,0,0,0,0,0,0,0,0,0,0,0
Naxos,NALYKO,11,NALYKO-11,0,12,1,9,0,0,0,0,0,0,0,0,0,0,0,0,0,0,0,0,0,0,0,0,0,0,0,0
Naxos,NALYKO,12,NALYKO-12,22,23,0,35,0,0,0,0,0,0,0,0,0,0,1,0,0,0,0,0,0,0,0,0,0,0,0,0
Naxos,RACHI,1,RACHI-1,13,0,1,7,1,0,0,1,0,0,1,0,0,0,0,0,0,1,0,0,0,0,0,0,0,0,0,0
Naxos,RACHI,2,RACHI-2,1,3,11,12,0,1,0,0,0,0,0,0,0,0,0,0,0,1,0,0,0,0,0,0,0,0,0,0
Naxos,RACHI,3,RACHI-3,1,4,0,11,0,0,0,0,0,0,0,0,0,0,0,0,0,1,0,0,0,0,0,0,0,0,0,0
Naxos,RACHI,4,RACHI-4,0,4,3,0,0,0,0,0,0,0,0,0,0,0,0,0,0,1,0,0,0,0,0,0,0,0,0,0
Naxos,RACHI,5,RACHI-5,0,7,4,19,0,0,0,0,0,0,0,0,0,0,0,0,0,0,2,0,0,0,0,0,0,0,0,0
Naxos,RACHI,6,RACHI-6,1,4,0,5,0,1,0,0,0,0,0,0,0,0,0,0,0,0,1,0,0,0,0,0,0,0,0,0
Naxos,RACHI,7,RACHI-7,2,5,1,1,0,0,0,0,0,0,0,0,0,2,0,0,0,0,1,0,0,0,0,0,0,0,0,0
Naxos,RACHI,8,RACHI-8,1,2,1,6,1,0,0,0,0,0,0,0,0,0,0,0,0,0,2,0,0,0,0,0,0,0,0,0
Naxos,RACHI,9,RACHI-9,2,6,1,3,0,0,0,0,0,0,0,0,0,1,0,0,1,0,1,0,0,0,0,0,0,0,0,0
Naxos,RACHI,10,RACHI-10,5,4,2,19,0,0,0,0,0,0,0,0,0,1,0,0,0,3,2,0,0,0,0,0,0,0,0,0
Naxos,RACHI,11,RACHI-11,2,4,0,11,0,1,0,0,0,0,0,0,0,0,0,0,0,0,4,0,0,0,0,0,0,0,0,0
Naxos,RACHI,12,RACHI-12,1,0,1,4,1,0,0,0,0,0,0,0,0,0,0,0,0,0,0,0,0,0,0,0,0,0,0,0
Naxos,SAGRI,1,SAGRI-1,2,1,1,8,0,1,0,0,0,0,0,0,0,1,0,0,0,2,0,0,0,0,1,0,0,1,0,0
Naxos,SAGRI,2,SAGRI-2,2,3,2,16,0,0,0,0,0,0,0,0,0,0,0,0,0,9,0,0,0,0,0,0,0,0,0,0
Naxos,SAGRI,3,SAGRI-3,3,0,1,36,0,0,0,0,0,0,0,0,0,0,0,0,0,1,2,0,1,1,0,0,0,0,0,0
Naxos,SAGRI,4,SAGRI-4,5,2,1,3,0,0,0,0,0,0,0,0,0,1,0,0,0,7,1,0,0,0,0,0,0,0,0,0
Naxos,SAGRI,5,SAGRI-5,4,2,0,23,0,0,0,0,0,0,0,0,0,5,1,0,0,6,2,0,2,0,0,0,0,0,0,0
Naxos,SAGRI,6,SAGRI-6,3,16,0,30,0,1,0,0,0,0,0,0,0,0,0,0,0,3,4,0,1,0,0,0,0,0,0,0
Naxos,SAGRI,7,SAGRI-7,0,5,1,1,0,1,0,0,0,0,0,0,0,1,0,0,0,0,1,0,0,2,0,0,0,0,0,0
Naxos,SAGRI,8,SAGRI-8,4,6,5,23,0,0,0,0,0,0,0,0,0,0,0,0,0,1,2,0,2,0,0,0,0,0,0,0
Naxos,SAGRI,9,SAGRI-9,6,3,3,31,0,0,0,0,0,0,0,0,0,0,0,0,0,1,2,0,0,0,0,0,0,0,0,0
Naxos,SAGRI,10,SAGRI-10,4,0,6,4,0,0,0,0,0,0,0,0,0,0,0,0,0,2,3,0,0,0,0,0,0,0,0,0
Naxos,SAGRI,11,SAGRI-11,1,5,0,7,0,0,0,0,0,0,0,0,0,0,0,0,0,1,1,0,0,0,0,0,0,0,0,0
Naxos,SAGRI,12,SAGRI-12,2,4,1,68,0,0,0,0,0,0,0,0,0,0,0,0,0,1,0,0,0,0,0,0,0,0,0,0
Naxos,SMONI,1,SMONI-1,1,38,3,3,0,0,0,0,0,0,0,0,0,0,0,0,0,1,3,0,0,0,0,0,0,0,0,0
Naxos,SMONI,2,SMONI-2,8,31,1,3,0,0,0,0,0,0,0,0,0,0,0,0,0,11,1,0,0,0,0,0,0,0,0,0
Naxos,SMONI,3,SMONI-3,6,49,1,2,0,0,0,0,0,0,0,0,0,0,0,0,0,0,3,0,0,0,0,0,0,0,0,0
Naxos,SMONI,4,SMONI-4,0,42,3,8,0,0,0,0,0,0,0,0,0,0,0,0,0,3,0,0,0,0,0,0,0,0,1,0
Naxos,SMONI,5,SMONI-5,3,24,1,10,0,0,0,0,0,0,0,0,0,0,0,0,0,5,1,0,0,0,0,0,0,0,0,0
Naxos,SMONI,6,SMONI-6,3,35,2,12,0,0,0,0,0,0,0,0,0,0,0,0,0,3,0,0,0,0,0,0,0,1,1,0
Naxos,SMONI,7,SMONI-7,6,46,9,4,0,0,0,3,0,0,0,0,0,1,0,0,0,3,0,2,0,0,0,0,0,0,0,0
Naxos,SMONI,8,SMONI-8,1,20,6,6,0,0,0,2,0,0,0,1,0,0,0,0,0,1,0,1,0,0,0,0,0,1,13,0
Naxos,SMONI,9,SMONI-9,1,35,14,16,0,0,0,3,0,0,0,0,0,0,0,0,1,3,0,2,0,1,0,0,0,0,1,0
Naxos,SMONI,10,SMONI-10,3,70,7,7,0,0,0,0,0,0,0,0,0,0,0,0,0,7,0,0,0,0,0,0,0,0,0,0
Naxos,SMONI,11,SMONI-11,7,21,2,11,0,0,0,0,0,0,0,0,0,0,0,0,0,7,0,0,0,0,0,0,0,0,0,0
Naxos,SMONI,12,SMONI-12,2,25,6,5,0,0,0,0,0,0,0,0,0,0,0,0,0,3,0,0,0,0,0,0,0,0,2,0
Naxos,VIGLA,1,VIGLA-1,2,16,4,18,0,0,0,0,0,2,0,0,0,0,0,0,0,0,0,0,0,0,0,0,0,0,0,0
Naxos,VIGLA,2,VIGLA-2,5,16,24,8,0,0,0,0,0,1,0,0,0,0,1,0,0,1,0,0,0,0,1,0,0,0,0,0
Naxos,VIGLA,3,VIGLA-3,2,22,2,12,0,0,0,0,0,4,0,0,0,0,2,0,0,2,0,0,1,0,1,0,0,0,0,0
Naxos,VIGLA,4,VIGLA-4,2,13,1,26,0,1,0,0,0,6,0,0,0,0,1,0,0,0,0,0,0,0,0,0,0,0,0,0
Naxos,VIGLA,5,VIGLA-5,5,13,0,4,0,0,0,0,0,2,0,0,0,0,2,0,0,1,0,0,0,0,0,0,0,0,0,0
Naxos,VIGLA,6,VIGLA-6,3,8,5,15,0,1,0,0,0,11,0,0,0,0,0,0,1,0,1,0,0,0,0,0,0,0,0,0
Naxos,VIGLA,7,VIGLA-7,8,4,1,24,0,0,0,0,0,7,0,0,0,0,2,0,0,1,0,0,0,0,1,0,0,0,0,0
Naxos,VIGLA,8,VIGLA-8,7,10,0,28,0,0,0,0,0,1,0,0,0,0,0,0,0,0,0,0,0,0,0,0,0,1,0,0
Naxos,VIGLA,9,VIGLA-9,5,20,2,5,0,0,0,0,0,7,0,0,0,0,0,0,0,0,2,0,0,0,0,0,0,0,0,0
Naxos,VIGLA,10,VIGLA-10,2,23,3,188,0,0,0,0,0,4,0,0,0,0,0,0,0,0,0,0,0,0,0,0,0,0,0,0
Naxos,VIGLA,11,VIGLA-11,3,10,2,14,0,0,0,0,0,2,0,0,0,0,0,0,0,0,2,0,0,0,0,0,0,0,0,0
Naxos,VIGLA,12,VIGLA-12,1,16,0,13,0,0,0,0,0,4,0,0,0,0,0,0,0,0,3,0,0,0,0,0,0,0,0,0
Naxos,WMONI,1,WMONI-1,12,14,3,20,0,0,0,0,0,0,0,0,0,0,0,0,0,3,0,0,0,0,1,0,0,0,0,0
Naxos,WMONI,2,WMONI-2,10,35,5,20,0,0,0,29,0,0,0,0,0,0,0,0,0,10,2,1,0,0,0,0,0,0,0,0
Naxos,WMONI,3,WMONI-3,3,37,1,15,0,0,0,5,0,0,0,0,0,0,0,0,0,0,0,0,0,0,0,0,0,0,0,0
Naxos,WMONI,4,WMONI-4,6,24,3,3,0,0,0,3,0,2,0,0,0,0,0,0,0,1,0,0,0,0,0,0,0,0,1,0
Naxos,WMONI,5,WMONI-5,6,21,0,6,0,0,0,2,0,0,0,0,0,0,0,0,0,1,1,0,0,0,0,0,0,0,0,0
Naxos,WMONI,6,WMONI-6,5,11,2,10,0,0,0,0,0,1,0,0,0,0,0,0,0,1,0,0,0,0,0,0,0,1,0,0
Naxos,WMONI,7,WMONI-7,7,18,0,22,0,0,0,14,0,1,0,0,0,0,0,0,0,6,2,0,0,0,0,0,0,0,0,0
Naxos,WMONI,8,WMONI-8,7,48,1,5,0,0,0,30,0,0,0,0,0,0,0,0,0,6,1,0,0,0,0,0,0,0,0,0
Naxos,WMONI,9,WMONI-9,2,30,0,3,0,0,0,0,0,0,0,0,0,0,0,0,0,2,0,0,0,0,0,0,0,0,0,0
Naxos,WMONI,10,WMONI-10,3,38,0,30,0,0,0,17,0,1,0,0,0,0,0,0,0,19,3,0,1,0,0,0,0,0,0,0
Naxos,WMONI,11,WMONI-11,7,26,0,16,0,0,0,0,0,0,0,0,0,0,0,0,0,1,2,0,0,0,0,0,0,0,0,0
Naxos,WMONI,12,WMONI-12,2,29,8,8,0,0,0,0,0,0,0,0,0,0,0,0,0,0,0,0,0,0,0,0,0,1,0,0
Nikouria,NIKOURIA,1,NIKOURIA-1,13,12,50,18,0,0,0,0,0,0,0,0,0,0,0,0,0,0,1,0,0,0,0,0,0,0,0,0
Nikouria,NIKOURIA,2,NIKOURIA-2,13,28,20,11,0,0,0,0,0,0,0,0,0,0,0,0,0,2,0,0,0,0,0,0,0,0,0,0
Nikouria,NIKOURIA,3,NIKOURIA-3,5,41,11,19,0,1,0,0,0,0,0,0,0,0,0,0,0,0,0,0,0,0,0,0,0,1,0,0
Nikouria,NIKOURIA,4,NIKOURIA-4,29,16,27,8,0,0,0,0,0,0,0,0,0,0,0,0,0,1,3,0,0,0,0,0,0,0,0,0
Nikouria,NIKOURIA,5,NIKOURIA-5,20,12,40,6,0,0,0,0,0,0,0,0,0,0,0,0,0,0,0,0,0,0,0,0,0,0,0,0
Nikouria,NIKOURIA,6,NIKOURIA-6,8,4,14,3,0,2,0,0,0,0,0,0,0,0,0,0,0,0,0,0,0,0,0,0,0,0,0,0
Nikouria,NIKOURIA,7,NIKOURIA-7,20,26,10,9,0,0,0,0,0,0,0,0,0,0,0,0,0,0,3,0,0,0,0,0,0,0,0,0
Nikouria,NIKOURIA,8,NIKOURIA-8,11,10,23,4,0,0,0,2,0,0,0,0,0,0,0,0,0,0,2,0,0,0,0,0,0,0,0,0
Nikouria,NIKOURIA,9,NIKOURIA-9,12,9,13,14,0,0,0,0,0,0,0,0,0,0,0,0,0,1,0,0,0,0,0,0,0,0,0,0
Parthenos,PARTHENOS,1,PARTHENOS-1,2,10,3,16,0,0,0,0,0,0,0,0,0,0,0,0,0,1,0,0,0,0,0,0,0,0,0,0
Parthenos,PARTHENOS,2,PARTHENOS-2,7,26,2,18,0,0,0,0,0,0,0,0,0,0,0,1,0,0,0,0,0,0,0,0,0,0,0,0
Parthenos,PARTHENOS,3,PARTHENOS-3,5,13,4,25,0,0,0,0,0,0,0,0,0,0,0,0,0,0,1,0,0,0,0,0,0,0,0,0
Parthenos,PARTHENOS,4,PARTHENOS-4,11,28,9,45,0,0,0,0,0,0,0,0,0,0,0,0,0,1,2,0,0,0,0,0,0,0,0,0
Parthenos,PARTHENOS,5,PARTHENOS-5,3,15,0,237,0,0,0,0,0,0,0,0,0,0,0,0,0,0,0,0,0,0,0,0,0,0,0,0
Parthenos,PARTHENOS,6,PARTHENOS-6,76,2,9,56,0,0,0,0,0,0,0,0,0,0,0,0,0,0,2,0,0,0,0,0,0,0,0,0
Parthenos,PARTHENOS,7,PARTHENOS-7,15,7,9,67,0,0,0,0,0,0,0,0,0,1,0,0,0,0,0,0,0,0,0,0,0,0,0,0
Parthenos,PARTHENOS,8,PARTHENOS-8,27,10,3,218,0,0,0,1,0,0,0,0,3,0,0,0,0,2,2,1,0,0,0,0,0,0,0,0
Parthenos,PARTHENOS,9,PARTHENOS-9,45,27,11,139,0,0,0,0,0,0,0,0,1,1,0,0,0,1,1,0,0,0,0,0,0,0,0,0
Petalida,PETALIDA,1,PETALIDA-1,0,13,0,3,0,0,0,0,0,0,0,0,1,0,0,0,0,0,1,0,0,0,0,0,0,0,0,0
Petalida,PETALIDA,2,PETALIDA-2,0,2,0,1,0,0,0,0,0,0,0,0,0,0,0,0,0,0,6,0,0,0,0,0,0,0,0,0
Petalida,PETALIDA,3,PETALIDA-3,0,16,1,3,0,0,0,0,0,0,0,0,0,0,0,0,0,0,0,0,0,0,0,0,0,0,0,0
Petalida,PETALIDA,4,PETALIDA-4,0,14,4,5,0,0,0,0,0,0,0,0,0,0,0,0,0,0,1,0,0,0,0,0,0,0,0,0
Petalida,PETALIDA,5,PETALIDA-5,1,7,1,1,0,0,0,0,0,0,0,0,0,0,0,0,0,0,1,0,0,0,0,0,0,0,0,0
Petalida,PETALIDA,6,PETALIDA-6,0,9,6,11,1,0,0,0,0,0,0,0,0,0,0,0,0,0,2,0,0,0,0,0,0,0,0,0
Petalida,PETALIDA,7,PETALIDA-7,4,34,3,11,0,0,0,0,0,0,0,0,0,0,0,0,0,0,0,0,0,0,0,0,0,0,0,0
Petalida,PETALIDA,8,PETALIDA-8,0,14,11,6,3,0,0,0,0,0,0,1,0,0,0,0,0,0,1,0,0,0,0,0,0,0,0,0
Petalida,PETALIDA,9,PETALIDA-9,0,9,2,11,1,0,0,0,0,0,0,0,0,0,0,0,0,0,1,0,0,0,0,0,0,0,0,0
Preza,PREZA,1,PREZA-1,2,2,0,6,1,0,0,0,0,0,0,0,0,0,0,0,0,0,1,0,0,0,0,0,0,0,0,0
Preza,PREZA,2,PREZA-2,2,2,0,3,0,0,0,0,0,0,0,0,0,0,0,0,0,0,0,0,0,0,0,0,0,0,0,0
Preza,PREZA,3,PREZA-3,9,5,1,12,2,0,0,0,0,0,0,0,0,1,0,1,0,0,1,0,1,0,0,1,0,0,0,0
Preza,PREZA,4,PREZA-4,0,0,0,0,0,0,0,0,0,0,0,0,0,0,0,0,0,0,0,0,0,0,0,0,0,0,0,0
Preza,PREZA,5,PREZA-5,0,0,0,0,0,0,0,0,0,0,0,0,0,0,0,0,0,0,0,0,0,0,0,0,0,0,0,0
Preza,PREZA,6,PREZA-6,8,0,1,36,0,0,0,0,0,0,0,0,0,2,0,0,0,1,4,0,0,0,0,0,0,0,0,0
Preza,PREZA,7,PREZA-7,45,31,4,2,0,4,0,0,0,0,0,0,0,0,0,1,0,0,0,0,0,0,0,1,0,0,0,0
Preza,PREZA,8,PREZA-8,14,70,5,8,1,0,0,0,0,0,0,0,0,0,0,0,0,0,1,0,0,0,0,0,0,0,0,0
Preza,PREZA,9,PREZA-9,3,1,0,1,0,0,0,0,0,0,0,0,0,0,1,0,0,1,0,0,0,0,0,1,0,0,0,0
Schoinoussa,SCHOINOUSSA,1,SCHOINOUSSA-1,2,13,14,6,0,0,0,0,0,0,0,0,0,0,0,0,0,3,3,0,0,0,0,0,0,0,0,0
Schoinoussa,SCHOINOUSSA,2,SCHOINOUSSA-2,6,23,14,7,0,0,0,2,0,0,0,0,0,0,0,0,0,0,2,0,1,0,0,0,0,0,0,0
Schoinoussa,SCHOINOUSSA,3,SCHOINOUSSA-3,11,11,4,12,0,0,0,0,0,0,0,0,0,0,0,0,0,0,0,0,1,0,0,0,0,0,0,0
Schoinoussa,SCHOINOUSSA,4,SCHOINOUSSA-4,17,34,13,24,0,0,0,0,0,0,0,0,0,0,1,0,0,0,1,0,0,0,0,0,0,0,0,0
Schoinoussa,SCHOINOUSSA,5,SCHOINOUSSA-5,6,41,15,57,0,1,0,8,0,0,0,0,0,1,0,0,0,0,2,0,0,0,0,0,0,0,0,0
Schoinoussa,SCHOINOUSSA,6,SCHOINOUSSA-6,4,10,2,3,0,0,0,0,0,0,0,0,0,0,0,0,0,0,1,0,1,0,0,0,0,0,0,0
Schoinoussa,SCHOINOUSSA,7,SCHOINOUSSA-7,12,14,23,14,0,0,0,2,0,0,0,0,0,2,0,0,0,0,2,0,0,0,0,0,0,0,0,0
Schoinoussa,SCHOINOUSSA,8,SCHOINOUSSA-8,7,6,21,19,0,0,0,12,0,0,0,0,1,1,0,0,0,3,7,0,0,0,0,0,0,0,0,0
Schoinoussa,SCHOINOUSSA,9,SCHOINOUSSA-9,9,6,20,22,0,0,0,1,0,0,0,0,1,0,0,0,0,0,2,0,0,0,0,0,0,0,0,0
Tigani,TIGANI,1,TIGANI-1,1,7,3,6,0,0,0,1,0,0,0,0,0,0,1,0,0,1,5,0,0,0,0,0,0,0,0,0
Tigani,TIGANI,2,TIGANI-2,15,12,4,5,0,0,0,2,0,0,0,0,0,10,0,0,0,3,3,0,0,0,0,0,0,0,0,0
Tigani,TIGANI,3,TIGANI-3,3,3,4,1,0,0,0,2,0,0,0,0,0,6,0,0,0,2,1,2,0,0,0,0,0,0,0,0
Tigani,TIGANI,4,TIGANI-4,22,9,3,3,0,0,0,8,0,0,0,0,0,8,0,0,0,2,3,3,0,0,0,0,0,0,0,0
Tigani,TIGANI,5,TIGANI-5,15,10,5,33,0,1,0,2,0,0,0,0,0,3,0,0,0,2,20,0,0,0,0,0,0,0,0,0
Tigani,TIGANI,6,TIGANI-6,8,12,0,3,1,0,0,0,0,0,0,0,0,5,0,0,0,3,2,0,0,0,0,0,0,0,0,0
Tigani,TIGANI,7,TIGANI-7,5,8,5,6,0,0,0,2,0,0,0,0,0,3,0,0,0,2,1,0,0,0,0,0,0,0,0,0
Tigani,TIGANI,8,TIGANI-8,12,7,1,4,1,0,0,4,0,0,0,0,0,8,0,0,0,1,5,0,0,0,0,0,0,0,0,0
Tigani,TIGANI,9,TIGANI-9,3,12,6,6,0,0,0,4,0,0,0,0,0,1,0,0,0,2,2,0,0,0,0,0,0,0,0,0
